Generation,evals,avg,std,min,max,best_one,fitness_best_one
0,300,[  7.67666667 674.52855602],[ 0.50871297 43.34319235],[  7.         510.27496446],[  9.         779.71122607],"[21, 22, 5, 8, 13, 18, 23, 16, 19, 17, 10, 3, 6, 11, 4, 7, 14, 15, 9, 25, 24, 2, 1, 12, 20]","(7.0, 510.27496445602105)"
1,208,[  7.43333333 629.90137447],[ 0.50881125 28.57655126],[  7.         471.83030384],[  9.         671.06865492],"[21, 22, 5, 8, 13, 18, 23, 16, 19, 17, 10, 3, 6, 11, 4, 12, 14, 15, 9, 25, 24, 2, 1, 7, 20]","(7.0, 471.8303038438428)"
2,208,[  7.29666667 602.09637351],[ 0.4567883  23.44688007],[  7.         471.83030384],[  8.         627.78701864],"[21, 22, 5, 8, 13, 18, 23, 16, 19, 17, 10, 3, 6, 11, 4, 12, 14, 15, 9, 25, 24, 2, 1, 7, 20]","(7.0, 471.8303038438428)"
3,214,[  7.16666667 581.32200744],[ 0.372678   25.17581849],[  7.         471.83030384],[  8.         603.16268211],"[21, 22, 5, 8, 13, 18, 23, 16, 19, 17, 10, 3, 6, 11, 4, 12, 14, 15, 9, 25, 24, 2, 1, 7, 20]","(7.0, 471.8303038438428)"
4,212,[  7.10666667 557.42562028],[ 0.30868898 26.72299202],[  7.         471.83030384],[  8.         587.73219576],"[21, 22, 5, 8, 13, 18, 23, 16, 19, 17, 10, 3, 6, 11, 4, 12, 14, 15, 9, 25, 24, 2, 1, 7, 20]","(7.0, 471.8303038438428)"
5,210,[  7.05666667 533.19801671],[ 0.23120458 24.45855098],[  7.         471.83030384],[  8.         556.10601752],"[21, 22, 5, 8, 13, 18, 23, 16, 19, 17, 10, 3, 6, 11, 4, 12, 14, 15, 9, 25, 24, 2, 1, 7, 20]","(7.0, 471.8303038438428)"
6,188,[  7.01       508.03452574],[ 0.09949874 19.00688035],[  7.         458.49370453],[  8.         539.42173357],"[21, 22, 5, 8, 13, 18, 23, 16, 19, 17, 10, 3, 6, 11, 4, 9, 14, 15, 12, 25, 24, 2, 1, 7, 20]","(7.0, 458.493704527349)"
7,210,[  7.00666667 493.00664034],[ 0.08137704 17.75005326],[  7.         458.49370453],[  8.         510.27496446],"[21, 22, 5, 8, 13, 18, 23, 16, 19, 17, 10, 3, 6, 11, 4, 9, 14, 15, 12, 25, 24, 2, 1, 7, 20]","(7.0, 458.493704527349)"
8,214,[  7.01333333 475.46665633],[0.11469767 8.98988674],[  7.         453.55282493],[  8.         500.16208675],"[21, 22, 5, 8, 13, 18, 9, 16, 19, 17, 10, 3, 6, 11, 4, 12, 14, 15, 23, 25, 24, 2, 1, 7, 20]","(7.0, 453.5528249279141)"
9,208,[  7.         470.24874443],[0.         3.71059437],[  7.         453.55282493],[  7.         471.83030384],"[21, 22, 5, 8, 13, 18, 9, 16, 19, 17, 10, 3, 6, 11, 4, 12, 14, 15, 23, 25, 24, 2, 1, 7, 20]","(7.0, 453.5528249279141)"
10,200,[  7.         468.17349271],[0.         4.81531765],[  7.         453.55282493],[  7.         471.83030384],"[21, 22, 5, 8, 13, 18, 9, 16, 19, 17, 10, 3, 6, 11, 4, 12, 14, 15, 23, 25, 24, 2, 1, 7, 20]","(7.0, 453.5528249279141)"
11,216,[  7.00666667 464.0144244 ],[0.08137704 5.05497786],[  7.         449.42263672],[  8.         471.00914795],"[21, 22, 5, 8, 13, 18, 23, 16, 19, 17, 10, 11, 6, 3, 4, 9, 14, 15, 12, 25, 24, 2, 1, 7, 20]","(7.0, 449.4226367154836)"
12,198,[  7.         459.36027575],[0.         3.59039981],[  7.         444.48175712],[  7.         464.54691691],"[21, 22, 5, 8, 13, 18, 9, 16, 19, 17, 4, 3, 6, 11, 10, 12, 14, 15, 23, 25, 24, 2, 1, 7, 20]","(7.0, 444.4817571160486)"
13,214,[  7.         456.42950704],[0.         3.02469804],[  7.         444.48175712],[  7.         458.49370453],"[21, 22, 5, 8, 13, 18, 9, 16, 19, 17, 4, 3, 6, 11, 10, 12, 14, 15, 23, 25, 24, 2, 1, 7, 20]","(7.0, 444.4817571160486)"
14,198,[  7.        454.0262085],[0.         3.22553498],[  7.         442.24363061],[  7.         458.49370453],"[21, 22, 5, 8, 13, 18, 20, 16, 19, 17, 10, 4, 6, 11, 3, 12, 14, 15, 23, 25, 24, 2, 1, 7, 9]","(7.0, 442.2436306067843)"
15,200,[  7.         451.57064395],[0.         2.98163036],[  7.         440.47484615],[  7.         453.55282493],"[21, 22, 20, 8, 13, 18, 9, 16, 19, 17, 10, 3, 6, 11, 4, 12, 14, 15, 23, 25, 24, 2, 1, 7, 5]","(7.0, 440.47484614551774)"
16,218,[  7.         449.02601409],[0.         3.34521242],[  7.         431.40377833],[  7.         453.55282493],"[21, 22, 20, 8, 13, 18, 9, 16, 19, 17, 4, 3, 6, 11, 10, 12, 14, 15, 23, 25, 24, 2, 1, 7, 5]","(7.0, 431.4037783336523)"
17,188,[  7.         446.10309609],[0.         2.86135787],[  7.         431.40377833],[  7.         449.42263672],"[21, 22, 20, 8, 13, 18, 9, 16, 19, 17, 4, 3, 6, 11, 10, 12, 14, 15, 23, 25, 24, 2, 1, 7, 5]","(7.0, 431.4037783336523)"
18,198,[  7.         443.98384512],[0.         2.74155833],[  7.         431.40377833],[  7.         446.30039813],"[21, 22, 20, 8, 13, 18, 9, 16, 19, 17, 4, 3, 6, 11, 10, 12, 14, 15, 23, 25, 24, 2, 1, 7, 5]","(7.0, 431.4037783336523)"
19,208,[  7.         442.08561862],[0.         3.55147257],[  7.        427.5303862],[  7.         444.48175712],"[21, 22, 20, 8, 13, 18, 11, 16, 19, 17, 4, 3, 6, 9, 10, 12, 14, 15, 23, 25, 24, 2, 1, 7, 5]","(7.0, 427.5303861992403)"
20,192,[  7.         439.14149771],[0.         3.91846401],[  7.         425.52317539],[  7.         444.14672211],"[20, 22, 21, 8, 13, 18, 11, 16, 19, 17, 4, 3, 6, 9, 10, 12, 14, 15, 23, 25, 24, 2, 1, 7, 5]","(7.0, 425.5231753884608)"
21,222,[  7.         436.06645849],[0.         3.82187126],[  7.         425.52317539],[  7.         440.47484615],"[20, 22, 21, 8, 13, 18, 11, 16, 19, 17, 4, 3, 6, 9, 10, 12, 14, 15, 23, 25, 24, 2, 1, 7, 5]","(7.0, 425.5231753884608)"
22,204,[  7.         432.54698678],[0.         2.84903408],[  7.         422.54798706],[  7.        437.6395603],"[21, 22, 23, 8, 13, 18, 11, 16, 19, 17, 4, 3, 6, 9, 10, 12, 14, 15, 20, 25, 24, 2, 1, 7, 5]","(7.0, 422.54798705777375)"
23,208,[  7.        430.5132751],[0.        1.8884747],[  7.         422.54798706],[  7.         431.40377833],"[21, 22, 23, 8, 13, 18, 11, 16, 19, 17, 4, 3, 6, 9, 10, 12, 14, 15, 20, 25, 24, 2, 1, 7, 5]","(7.0, 422.54798705777375)"
24,208,[  7.        429.3207523],[0.         2.45866356],[  7.         422.54798706],[  7.         431.40377833],"[21, 22, 23, 8, 13, 18, 11, 16, 19, 17, 4, 3, 6, 9, 10, 12, 14, 15, 20, 25, 24, 2, 1, 7, 5]","(7.0, 422.54798705777375)"
25,222,[  7.         427.02114302],[0.         1.83968431],[  7.         422.54798706],[  7.         430.99613748],"[21, 22, 23, 8, 13, 18, 11, 16, 19, 17, 4, 3, 6, 9, 10, 12, 14, 15, 20, 25, 24, 2, 1, 7, 5]","(7.0, 422.54798705777375)"
26,216,[  7.         425.40861614],[0.         1.18686731],[  7.         422.54798706],[  7.         426.64914519],"[21, 22, 23, 8, 13, 18, 11, 16, 19, 17, 4, 3, 6, 9, 10, 12, 14, 15, 20, 25, 24, 2, 1, 7, 5]","(7.0, 422.54798705777375)"
27,200,[  7.       424.641251],[0.         1.31441547],[  7.         420.53469056],[  7.         425.52317539],"[21, 22, 23, 8, 18, 13, 11, 16, 19, 17, 4, 3, 6, 9, 10, 12, 14, 15, 20, 25, 24, 2, 1, 7, 5]","(7.0, 420.5346905610577)"
28,228,[  7.         423.72257293],[0.       1.426163],[  7.         419.19224898],[  7.         425.52317539],"[21, 22, 23, 8, 13, 18, 11, 16, 19, 17, 3, 4, 6, 9, 10, 12, 14, 15, 20, 25, 24, 2, 1, 7, 5]","(7.0, 419.1922489801319)"
29,200,[  7.         422.42514117],[0.         0.51635857],[  7.         419.19224898],[  7.         422.54798706],"[21, 22, 23, 8, 13, 18, 11, 16, 19, 17, 3, 4, 6, 9, 10, 12, 14, 15, 20, 25, 24, 2, 1, 7, 5]","(7.0, 419.1922489801319)"
30,222,[  7.         422.27069037],[0.         0.73797848],[  7.         419.19224898],[  7.         422.54798706],"[21, 22, 23, 8, 13, 18, 11, 16, 19, 17, 3, 4, 6, 9, 10, 12, 14, 15, 20, 25, 24, 2, 1, 7, 5]","(7.0, 419.1922489801319)"
31,200,[  7.         421.87150148],[0.        1.0561839],[  7.         417.91786597],[  7.         422.54798706],"[21, 22, 23, 8, 13, 17, 11, 16, 19, 18, 4, 3, 6, 9, 10, 12, 14, 15, 20, 25, 24, 2, 1, 7, 5]","(7.0, 417.91786597106125)"
32,202,[  7.         421.01402755],[0.         1.14786922],[  7.         417.91786597],[  7.         422.54798706],"[21, 22, 23, 8, 13, 17, 11, 16, 19, 18, 4, 3, 6, 9, 10, 12, 14, 15, 20, 25, 24, 2, 1, 7, 5]","(7.0, 417.91786597106125)"
33,212,[  7.         420.08903556],[0.         0.63902621],[  7.         417.53501676],[  7.         420.53469056],"[20, 22, 23, 8, 13, 18, 11, 15, 19, 17, 4, 3, 6, 9, 10, 12, 14, 16, 21, 25, 24, 2, 1, 7, 5]","(7.0, 417.5350167563855)"
34,220,[  7.         419.58440546],[0.         0.70429018],[  7.        416.8804791],[  7.         420.53469056],"[21, 22, 23, 8, 13, 18, 11, 16, 19, 17, 7, 4, 6, 9, 10, 12, 14, 15, 20, 25, 24, 2, 1, 3, 5]","(7.0, 416.8804790991107)"
35,224,[  7.         418.99532893],[0.         0.56788048],[  7.        416.8804791],[  7.        419.7551814],"[21, 22, 23, 8, 13, 18, 11, 16, 19, 17, 7, 4, 6, 9, 10, 12, 14, 15, 20, 25, 24, 2, 1, 3, 5]","(7.0, 416.8804790991107)"
36,214,[  7.       418.694755],[0.         0.72880416],[  7.        416.8804791],[  7.         419.19224898],"[21, 22, 23, 8, 13, 18, 11, 16, 19, 17, 7, 4, 6, 9, 10, 12, 14, 15, 20, 25, 24, 2, 1, 3, 5]","(7.0, 416.8804790991107)"
37,214,[  7.         418.10750207],[0.         0.78524599],[  7.         414.18586291],[  7.         419.19224898],"[21, 22, 23, 8, 13, 17, 11, 16, 19, 18, 7, 3, 6, 9, 10, 12, 14, 15, 20, 25, 24, 2, 1, 4, 5]","(7.0, 414.18586291015214)"
38,212,[  7.        417.5315549],[0.         0.49684985],[  7.         414.18586291],[  7.         417.91786597],"[21, 22, 23, 8, 13, 17, 11, 16, 19, 18, 7, 3, 6, 9, 10, 12, 14, 15, 20, 25, 24, 2, 1, 4, 5]","(7.0, 414.18586291015214)"
39,228,[  7.         417.15660106],[0.         0.51308508],[  7.         414.18586291],[  7.        417.6425959],"[21, 22, 23, 8, 13, 17, 11, 16, 19, 18, 7, 3, 6, 9, 10, 12, 14, 15, 20, 25, 24, 2, 1, 4, 5]","(7.0, 414.18586291015214)"
40,194,[  7.         416.77133644],[0.         0.51415119],[  7.         414.18586291],[  7.        416.8804791],"[21, 22, 23, 8, 13, 17, 11, 16, 19, 18, 7, 3, 6, 9, 10, 12, 14, 15, 20, 25, 24, 2, 1, 4, 5]","(7.0, 414.18586291015214)"
41,206,[  7.         416.64469364],[0.         0.76499211],[  7.         411.42424648],[  7.        416.8804791],"[21, 22, 23, 8, 13, 18, 11, 15, 19, 17, 7, 4, 6, 9, 10, 12, 14, 16, 20, 25, 24, 2, 1, 3, 5]","(7.0, 411.4242464801107)"
42,218,[  7.         416.37353086],[0.         1.04883267],[  7.         411.42424648],[  7.        416.8804791],"[21, 22, 23, 8, 13, 18, 11, 15, 19, 17, 7, 4, 6, 9, 10, 12, 14, 16, 20, 25, 24, 2, 1, 3, 5]","(7.0, 411.4242464801107)"
43,210,[  7.         415.76365173],[0.         1.32964275],[  7.         411.42424648],[  7.        416.8804791],"[21, 22, 23, 8, 13, 18, 11, 15, 19, 17, 7, 4, 6, 9, 10, 12, 14, 16, 20, 25, 24, 2, 1, 3, 5]","(7.0, 411.4242464801107)"
44,214,[  7.         414.72329985],[0.         1.19024465],[  7.         410.06565394],[  7.         416.51437255],"[21, 22, 23, 10, 17, 13, 11, 16, 19, 18, 4, 3, 6, 9, 8, 12, 14, 15, 20, 25, 24, 2, 1, 5, 7]","(7.0, 410.06565393932425)"
45,196,[  7.         413.91536888],[0.         0.85656868],[  7.         410.06565394],[  7.         414.28685782],"[21, 22, 23, 10, 17, 13, 11, 16, 19, 18, 4, 3, 6, 9, 8, 12, 14, 15, 20, 25, 24, 2, 1, 5, 7]","(7.0, 410.06565393932425)"
46,200,[  7.         413.52143507],[0.         1.23808885],[  7.         409.41094998],[  7.         414.18586291],"[21, 22, 23, 8, 18, 13, 11, 15, 19, 17, 7, 4, 6, 9, 10, 12, 14, 16, 20, 25, 24, 2, 1, 3, 5]","(7.0, 409.4109499833946)"
47,216,[  7.         412.81661065],[0.         1.47281961],[  7.         409.41094998],[  7.         414.18586291],"[21, 22, 23, 8, 18, 13, 11, 15, 19, 17, 7, 4, 6, 9, 10, 12, 14, 16, 20, 25, 24, 2, 1, 3, 5]","(7.0, 409.4109499833946)"
48,220,[  7.         411.55380698],[0.        0.9538094],[  7.         409.41094998],[  7.         414.18586291],"[21, 22, 23, 8, 18, 13, 11, 15, 19, 17, 7, 4, 6, 9, 10, 12, 14, 16, 20, 25, 24, 2, 1, 3, 5]","(7.0, 409.4109499833946)"
49,208,[  7.         411.08700572],[0.         0.72206075],[  7.         405.84498893],[  7.         411.42424648],"[21, 22, 23, 10, 17, 13, 11, 16, 19, 18, 5, 4, 6, 9, 8, 12, 14, 15, 20, 25, 24, 2, 1, 3, 7]","(7.0, 405.8449889263517)"
50,210,[  7.         410.68940344],[0.         1.17377777],[  7.        398.6859495],[  7.         411.42424648],"[21, 22, 23, 13, 17, 10, 11, 16, 19, 18, 4, 3, 6, 9, 8, 12, 14, 15, 20, 25, 24, 2, 1, 5, 7]","(7.0, 398.68594950387904)"
51,212,[  7.         409.89927457],[0.         1.54747356],[  7.        398.6859495],[  7.         411.42424648],"[21, 22, 23, 13, 17, 10, 11, 16, 19, 18, 4, 3, 6, 9, 8, 12, 14, 15, 20, 25, 24, 2, 1, 5, 7]","(7.0, 398.68594950387904)"
52,220,[  7.         409.28711979],[0.         1.89755266],[  7.        398.6859495],[  7.         410.06565394],"[21, 22, 23, 13, 17, 10, 11, 16, 19, 18, 4, 3, 6, 9, 8, 12, 14, 15, 20, 25, 24, 2, 1, 5, 7]","(7.0, 398.68594950387904)"
53,212,[  7.         408.46427522],[0.         2.42381247],[  7.        398.6859495],[  7.         410.06565394],"[21, 22, 23, 13, 17, 10, 11, 16, 19, 18, 4, 3, 6, 9, 8, 12, 14, 15, 20, 25, 24, 2, 1, 5, 7]","(7.0, 398.68594950387904)"
54,220,[  7.         406.86486639],[0.         2.77282333],[  7.        398.6859495],[  7.         409.41094998],"[21, 22, 23, 13, 17, 10, 11, 16, 19, 18, 4, 3, 6, 9, 8, 12, 14, 15, 20, 25, 24, 2, 1, 5, 7]","(7.0, 398.68594950387904)"
55,218,[  7.         404.65340728],[0.         2.62768824],[  7.        398.6859495],[  7.         405.84498893],"[21, 22, 23, 13, 17, 10, 11, 16, 19, 18, 4, 3, 6, 9, 8, 12, 14, 15, 20, 25, 24, 2, 1, 5, 7]","(7.0, 398.68594950387904)"
56,204,[  7.         403.31620907],[0.         3.35919603],[  7.        398.6859495],[  7.         405.84498893],"[21, 22, 23, 13, 17, 10, 11, 16, 19, 18, 4, 3, 6, 9, 8, 12, 14, 15, 20, 25, 24, 2, 1, 5, 7]","(7.0, 398.68594950387904)"
57,234,[  7.         400.76119397],[0.         3.12574365],[  7.         397.24715475],[  7.         405.84498893],"[21, 22, 23, 13, 17, 18, 11, 16, 19, 10, 4, 3, 6, 9, 8, 12, 14, 15, 20, 25, 24, 2, 1, 5, 7]","(7.0, 397.24715474588385)"
58,206,[  7.         398.66903737],[0.         0.14509458],[  7.         397.24715475],[  7.        398.6859495],"[21, 22, 23, 13, 17, 18, 11, 16, 19, 10, 4, 3, 6, 9, 8, 12, 14, 15, 20, 25, 24, 2, 1, 5, 7]","(7.0, 397.24715474588385)"
59,198,[  7.         398.62612575],[0.         0.31049001],[  7.         395.33021143],[  7.        398.6859495],"[21, 22, 23, 13, 17, 10, 11, 16, 19, 18, 3, 4, 6, 9, 8, 12, 14, 15, 20, 25, 24, 2, 1, 5, 7]","(7.0, 395.3302114262371)"
60,192,[  7.         398.52734498],[0.         0.49675636],[  7.         395.33021143],[  7.        398.6859495],"[21, 22, 23, 13, 17, 10, 11, 16, 19, 18, 3, 4, 6, 9, 8, 12, 14, 15, 20, 25, 24, 2, 1, 5, 7]","(7.0, 395.3302114262371)"
61,214,[  7.         398.30151215],[0.        0.7290941],[  7.         395.33021143],[  7.        398.6859495],"[21, 22, 23, 13, 17, 10, 11, 16, 19, 18, 3, 4, 6, 9, 8, 12, 14, 15, 20, 25, 24, 2, 1, 5, 7]","(7.0, 395.3302114262371)"
62,198,[  7.         397.86165303],[0.         0.88019559],[  7.         395.33021143],[  7.        398.6859495],"[21, 22, 23, 13, 17, 10, 11, 16, 19, 18, 3, 4, 6, 9, 8, 12, 14, 15, 20, 25, 24, 2, 1, 5, 7]","(7.0, 395.3302114262371)"
63,198,[  7.         397.09127289],[0.         0.78462147],[  7.         394.34207487],[  7.         398.43353065],"[21, 22, 23, 13, 17, 11, 10, 16, 19, 18, 4, 3, 6, 9, 8, 12, 14, 15, 20, 24, 25, 2, 1, 5, 7]","(7.0, 394.34207487266633)"
64,200,[  7.         396.67042988],[0.         0.94797534],[  7.         391.23875565],[  7.         397.24715475],"[21, 22, 23, 13, 17, 11, 10, 16, 19, 18, 3, 4, 6, 9, 8, 12, 14, 15, 20, 25, 24, 2, 1, 5, 7]","(7.0, 391.23875565173734)"
65,212,[  7.         396.06846382],[0.        1.0528084],[  7.         391.23875565],[  7.         397.24715475],"[21, 22, 23, 13, 17, 11, 10, 16, 19, 18, 3, 4, 6, 9, 8, 12, 14, 15, 20, 25, 24, 2, 1, 5, 7]","(7.0, 391.23875565173734)"
66,216,[  7.        395.2204527],[0.         0.54471904],[  7.         391.23875565],[  7.         395.33021143],"[21, 22, 23, 13, 17, 11, 10, 16, 19, 18, 3, 4, 6, 9, 8, 12, 14, 15, 20, 25, 24, 2, 1, 5, 7]","(7.0, 391.23875565173734)"
67,204,[  7.         395.05139359],[0.         0.85922629],[  7.         391.23875565],[  7.         395.33021143],"[21, 22, 23, 13, 17, 11, 10, 16, 19, 18, 3, 4, 6, 9, 8, 12, 14, 15, 20, 25, 24, 2, 1, 5, 7]","(7.0, 391.23875565173734)"
68,200,[  7.         394.75899654],[0.         1.12636826],[  7.         391.23875565],[  7.         395.33021143],"[21, 22, 23, 13, 17, 11, 10, 16, 19, 18, 3, 4, 6, 9, 8, 12, 14, 15, 20, 25, 24, 2, 1, 5, 7]","(7.0, 391.23875565173734)"
69,202,[  7.         394.15293706],[0.         1.36129677],[  7.         389.87397881],[  7.         395.33021143],"[21, 22, 23, 13, 17, 10, 11, 15, 19, 18, 3, 4, 6, 9, 8, 12, 14, 16, 20, 25, 24, 2, 1, 5, 7]","(7.0, 389.8739788072371)"
70,210,[  7.         393.12278859],[0.         1.30864012],[  7.         389.87397881],[  7.         394.34207487],"[21, 22, 23, 13, 17, 10, 11, 15, 19, 18, 3, 4, 6, 9, 8, 12, 14, 16, 20, 25, 24, 2, 1, 5, 7]","(7.0, 389.8739788072371)"
71,206,[  7.         392.03628684],[0.         0.97244843],[  7.         389.87397881],[  7.         393.89141667],"[21, 22, 23, 13, 17, 10, 11, 15, 19, 18, 3, 4, 6, 9, 8, 12, 14, 16, 20, 25, 24, 2, 1, 5, 7]","(7.0, 389.8739788072371)"
72,220,[  7.        391.2653821],[0.         0.44324314],[  7.         389.36032307],[  7.         392.71606115],"[21, 22, 23, 13, 17, 18, 11, 15, 19, 10, 3, 4, 6, 9, 8, 12, 14, 16, 20, 25, 24, 2, 1, 5, 7]","(7.0, 389.36032307437176)"
73,200,[  7.         391.09814773],[0.         0.42287595],[  7.         389.36032307],[  7.         391.23875565],"[21, 22, 23, 13, 17, 18, 11, 15, 19, 10, 3, 4, 6, 9, 8, 12, 14, 16, 20, 25, 24, 2, 1, 5, 7]","(7.0, 389.36032307437176)"
74,202,[  7.         390.88123163],[0.         0.67189117],[  7.         385.78252303],[  7.         391.23875565],"[21, 22, 23, 13, 17, 11, 10, 15, 19, 18, 3, 4, 6, 9, 8, 12, 14, 16, 20, 25, 24, 2, 1, 5, 7]","(7.0, 385.7825230327374)"
75,200,[  7.         390.47256374],[0.         0.84600266],[  7.         385.78252303],[  7.         391.23875565],"[21, 22, 23, 13, 17, 11, 10, 15, 19, 18, 3, 4, 6, 9, 8, 12, 14, 16, 20, 25, 24, 2, 1, 5, 7]","(7.0, 385.7825230327374)"
76,200,[  7.         389.69288276],[0.         0.71024191],[  7.         385.78252303],[  7.         390.37382872],"[21, 22, 23, 13, 17, 11, 10, 15, 19, 18, 3, 4, 6, 9, 8, 12, 14, 16, 20, 25, 24, 2, 1, 5, 7]","(7.0, 385.7825230327374)"
77,226,[  7.         389.44031573],[0.       1.053083],[  7.         385.78252303],[  7.         389.87397881],"[21, 22, 23, 13, 17, 11, 10, 15, 19, 18, 3, 4, 6, 9, 8, 12, 14, 16, 20, 25, 24, 2, 1, 5, 7]","(7.0, 385.7825230327374)"
78,228,[  7.         389.01281512],[0.         1.36012312],[  7.         385.78252303],[  7.         389.87397881],"[21, 22, 23, 13, 17, 11, 10, 15, 19, 18, 3, 4, 6, 9, 8, 12, 14, 16, 20, 25, 24, 2, 1, 5, 7]","(7.0, 385.7825230327374)"
79,200,[  7.         388.21681493],[0.         1.65820114],[  7.         385.78252303],[  7.         389.36032307],"[21, 22, 23, 13, 17, 11, 10, 15, 19, 18, 3, 4, 6, 9, 8, 12, 14, 16, 20, 25, 24, 2, 1, 5, 7]","(7.0, 385.7825230327374)"
80,208,[  7.         387.01362607],[0.         1.67800809],[  7.         385.78252303],[  7.         389.36032307],"[21, 22, 23, 13, 17, 11, 10, 15, 19, 18, 3, 4, 6, 9, 8, 12, 14, 16, 20, 25, 24, 2, 1, 5, 7]","(7.0, 385.7825230327374)"
81,210,[  7.         385.78168164],[0.        0.0145491],[  7.         385.53010418],[  7.         385.78252303],"[21, 22, 23, 13, 17, 11, 10, 15, 19, 18, 3, 4, 6, 9, 8, 12, 14, 16, 20, 24, 25, 2, 1, 5, 7]","(7.0, 385.53010417602445)"
82,220,[  7.         385.77357683],[0.         0.09270688],[  7.         384.46842604],[  7.         385.78252303],"[21, 22, 20, 13, 17, 11, 10, 15, 19, 18, 3, 4, 6, 9, 8, 12, 14, 16, 23, 25, 24, 2, 1, 5, 7]","(7.0, 384.4684260374683)"
83,196,[  7.         385.75568442],[0.         0.15907071],[  7.         384.46842604],[  7.         385.78252303],"[21, 22, 20, 13, 17, 11, 10, 15, 19, 18, 3, 4, 6, 9, 8, 12, 14, 16, 23, 25, 24, 2, 1, 5, 7]","(7.0, 384.4684260374683)"
84,208,[  7.         385.71383648],[0.        0.2493698],[  7.         384.46842604],[  7.         385.78252303],"[21, 22, 20, 13, 17, 11, 10, 15, 19, 18, 3, 4, 6, 9, 8, 12, 14, 16, 23, 25, 24, 2, 1, 5, 7]","(7.0, 384.4684260374683)"
85,232,[  7.         385.63968068],[0.         0.34233909],[  7.         384.46842604],[  7.         385.78252303],"[21, 22, 20, 13, 17, 11, 10, 15, 19, 18, 3, 4, 6, 9, 8, 12, 14, 16, 23, 25, 24, 2, 1, 5, 7]","(7.0, 384.4684260374683)"
86,192,[  7.         385.46620105],[0.        0.4438481],[  7.         384.46842604],[  7.         385.78252303],"[21, 22, 20, 13, 17, 11, 10, 15, 19, 18, 3, 4, 6, 9, 8, 12, 14, 16, 23, 25, 24, 2, 1, 5, 7]","(7.0, 384.4684260374683)"
87,202,[  7.         385.12425262],[0.         0.44397618],[  7.         384.46842604],[  7.         385.78252303],"[21, 22, 20, 13, 17, 11, 10, 15, 19, 18, 3, 4, 6, 9, 8, 12, 14, 16, 23, 25, 24, 2, 1, 5, 7]","(7.0, 384.4684260374683)"
88,204,[  7.         384.70498894],[0.         0.22426539],[  7.         384.46842604],[  7.        384.9175961],"[21, 22, 20, 13, 17, 11, 10, 15, 19, 18, 3, 4, 6, 9, 8, 12, 14, 16, 23, 25, 24, 2, 1, 5, 7]","(7.0, 384.4684260374683)"
89,220,[  7.         384.49928828],[0.         0.11291745],[  7.         384.46842604],[  7.        384.9175961],"[21, 22, 20, 13, 17, 11, 10, 15, 19, 18, 3, 4, 6, 9, 8, 12, 14, 16, 23, 25, 24, 2, 1, 5, 7]","(7.0, 384.4684260374683)"
90,194,[  7.         384.46842604],[0.00000000e+00 1.64845915e-12],[  7.         384.46842604],[  7.         384.46842604],"[21, 22, 20, 13, 17, 11, 10, 15, 19, 18, 3, 4, 6, 9, 8, 12, 14, 16, 23, 25, 24, 2, 1, 5, 7]","(7.0, 384.4684260374683)"
91,204,[  7.         384.46842604],[0.00000000e+00 1.64845915e-12],[  7.         384.46842604],[  7.         384.46842604],"[21, 22, 20, 13, 17, 11, 10, 15, 19, 18, 3, 4, 6, 9, 8, 12, 14, 16, 23, 25, 24, 2, 1, 5, 7]","(7.0, 384.4684260374683)"
92,224,[  7.         384.46842604],[0.00000000e+00 1.64845915e-12],[  7.         384.46842604],[  7.         384.46842604],"[21, 22, 20, 13, 17, 11, 10, 15, 19, 18, 3, 4, 6, 9, 8, 12, 14, 16, 23, 25, 24, 2, 1, 5, 7]","(7.0, 384.4684260374683)"
93,208,[  7.         384.46842604],[0.00000000e+00 1.64845915e-12],[  7.         384.46842604],[  7.         384.46842604],"[21, 22, 20, 13, 17, 11, 10, 15, 19, 18, 3, 4, 6, 9, 8, 12, 14, 16, 23, 25, 24, 2, 1, 5, 7]","(7.0, 384.4684260374683)"
94,194,[  7.         384.46842604],[0.00000000e+00 1.64845915e-12],[  7.         384.46842604],[  7.         384.46842604],"[21, 22, 20, 13, 17, 11, 10, 15, 19, 18, 3, 4, 6, 9, 8, 12, 14, 16, 23, 25, 24, 2, 1, 5, 7]","(7.0, 384.4684260374683)"
95,216,[  7.         384.46842604],[0.00000000e+00 1.64845915e-12],[  7.         384.46842604],[  7.         384.46842604],"[21, 22, 20, 13, 17, 11, 10, 15, 19, 18, 3, 4, 6, 9, 8, 12, 14, 16, 23, 25, 24, 2, 1, 5, 7]","(7.0, 384.4684260374683)"
96,216,[  7.         384.46842604],[0.00000000e+00 1.64845915e-12],[  7.         384.46842604],[  7.         384.46842604],"[21, 22, 20, 13, 17, 11, 10, 15, 19, 18, 3, 4, 6, 9, 8, 12, 14, 16, 23, 25, 24, 2, 1, 5, 7]","(7.0, 384.4684260374683)"
97,218,[  7.         384.46554295],[0.         0.04985328],[  7.        383.6034991],[  7.         384.46842604],"[21, 22, 20, 13, 17, 11, 10, 15, 19, 18, 5, 4, 6, 9, 8, 12, 14, 16, 23, 25, 24, 2, 1, 3, 7]","(7.0, 383.6034991021377)"
98,202,[  7.         384.46265986],[0.         0.07038519],[  7.        383.6034991],[  7.         384.46842604],"[21, 22, 20, 13, 17, 11, 10, 15, 19, 18, 5, 4, 6, 9, 8, 12, 14, 16, 23, 25, 24, 2, 1, 3, 7]","(7.0, 383.6034991021377)"
99,204,[  7.         384.45689368],[0.        0.0992051],[  7.        383.6034991],[  7.         384.46842604],"[21, 22, 20, 13, 17, 11, 10, 15, 19, 18, 5, 4, 6, 9, 8, 12, 14, 16, 23, 25, 24, 2, 1, 3, 7]","(7.0, 383.6034991021377)"
100,208,[  7.         384.44247823],[0.         0.14754548],[  7.        383.6034991],[  7.         384.46842604],"[21, 22, 20, 13, 17, 11, 10, 15, 19, 18, 5, 4, 6, 9, 8, 12, 14, 16, 23, 25, 24, 2, 1, 3, 7]","(7.0, 383.6034991021377)"
101,208,[  7.         384.41076424],[0.         0.21575068],[  7.        383.6034991],[  7.         384.46842604],"[21, 22, 20, 13, 17, 11, 10, 15, 19, 18, 5, 4, 6, 9, 8, 12, 14, 16, 23, 25, 24, 2, 1, 3, 7]","(7.0, 383.6034991021377)"
102,210,[  7.       384.338687],[0.         0.30884069],[  7.        383.6034991],[  7.         384.46842604],"[21, 22, 20, 13, 17, 11, 10, 15, 19, 18, 5, 4, 6, 9, 8, 12, 14, 16, 23, 25, 24, 2, 1, 3, 7]","(7.0, 383.6034991021377)"
103,192,[  7.         384.21759723],[0.         0.39247102],[  7.        383.6034991],[  7.         384.46842604],"[21, 22, 20, 13, 17, 11, 10, 15, 19, 18, 5, 4, 6, 9, 8, 12, 14, 16, 23, 25, 24, 2, 1, 3, 7]","(7.0, 383.6034991021377)"
104,206,[  7.         383.95523606],[0.         0.42486219],[  7.        383.6034991],[  7.         384.46842604],"[21, 22, 20, 13, 17, 11, 10, 15, 19, 18, 5, 4, 6, 9, 8, 12, 14, 16, 23, 25, 24, 2, 1, 3, 7]","(7.0, 383.6034991021377)"
105,208,[  7.        383.6021403],[0.        0.0234959],[  7.         383.19585825],[  7.        383.6034991],"[21, 22, 20, 13, 17, 11, 10, 15, 19, 18, 5, 3, 6, 9, 8, 12, 14, 16, 23, 25, 24, 2, 1, 4, 7]","(7.0, 383.19585824938406)"
106,220,[  7.         383.59942269],[0.         0.04055975],[  7.         383.19585825],[  7.        383.6034991],"[21, 22, 20, 13, 17, 11, 10, 15, 19, 18, 5, 3, 6, 9, 8, 12, 14, 16, 23, 25, 24, 2, 1, 4, 7]","(7.0, 383.19585824938406)"
107,226,[  7.         383.59262868],[0.         0.06567391],[  7.         383.19585825],[  7.        383.6034991],"[21, 22, 20, 13, 17, 11, 10, 15, 19, 18, 5, 3, 6, 9, 8, 12, 14, 16, 23, 25, 24, 2, 1, 4, 7]","(7.0, 383.19585824938406)"
108,206,[  7.         383.57904065],[0.         0.09680934],[  7.         383.19585825],[  7.        383.6034991],"[21, 22, 20, 13, 17, 11, 10, 15, 19, 18, 5, 3, 6, 9, 8, 12, 14, 16, 23, 25, 24, 2, 1, 4, 7]","(7.0, 383.19585824938406)"
109,194,[  7.         383.54371178],[0.         0.14421245],[  7.         383.19585825],[  7.        383.6034991],"[21, 22, 20, 13, 17, 11, 10, 15, 19, 18, 5, 3, 6, 9, 8, 12, 14, 16, 23, 25, 24, 2, 1, 4, 7]","(7.0, 383.19585824938406)"
110,216,[  7.         383.49207727],[0.         0.18167352],[  7.         383.19585825],[  7.        383.6034991],"[21, 22, 20, 13, 17, 11, 10, 15, 19, 18, 5, 3, 6, 9, 8, 12, 14, 16, 23, 25, 24, 2, 1, 4, 7]","(7.0, 383.19585824938406)"
111,200,[  7.         383.37657903],[0.         0.20250722],[  7.         383.19585825],[  7.        383.6034991],"[21, 22, 20, 13, 17, 11, 10, 15, 19, 18, 5, 3, 6, 9, 8, 12, 14, 16, 23, 25, 24, 2, 1, 4, 7]","(7.0, 383.19585824938406)"
112,200,[  7.         383.19585825],[0.00000000e+00 1.25055521e-12],[  7.         383.19585825],[  7.         383.19585825],"[21, 22, 20, 13, 17, 11, 10, 15, 19, 18, 5, 3, 6, 9, 8, 12, 14, 16, 23, 25, 24, 2, 1, 4, 7]","(7.0, 383.19585824938406)"
113,234,[  7.         383.19585825],[0.00000000e+00 1.25055521e-12],[  7.         383.19585825],[  7.         383.19585825],"[21, 22, 20, 13, 17, 11, 10, 15, 19, 18, 5, 3, 6, 9, 8, 12, 14, 16, 23, 25, 24, 2, 1, 4, 7]","(7.0, 383.19585824938406)"
114,192,[  7.         383.19585825],[0.00000000e+00 1.25055521e-12],[  7.         383.19585825],[  7.         383.19585825],"[21, 22, 20, 13, 17, 11, 10, 15, 19, 18, 5, 3, 6, 9, 8, 12, 14, 16, 23, 25, 24, 2, 1, 4, 7]","(7.0, 383.19585824938406)"
115,210,[  7.         383.19585825],[0.00000000e+00 1.25055521e-12],[  7.         383.19585825],[  7.         383.19585825],"[21, 22, 20, 13, 17, 11, 10, 15, 19, 18, 5, 3, 6, 9, 8, 12, 14, 16, 23, 25, 24, 2, 1, 4, 7]","(7.0, 383.19585824938406)"
116,206,[  7.         383.19585825],[0.00000000e+00 1.25055521e-12],[  7.         383.19585825],[  7.         383.19585825],"[21, 22, 20, 13, 17, 11, 10, 15, 19, 18, 5, 3, 6, 9, 8, 12, 14, 16, 23, 25, 24, 2, 1, 4, 7]","(7.0, 383.19585824938406)"
117,212,[  7.         383.19585825],[0.00000000e+00 1.25055521e-12],[  7.         383.19585825],[  7.         383.19585825],"[21, 22, 20, 13, 17, 11, 10, 15, 19, 18, 5, 3, 6, 9, 8, 12, 14, 16, 23, 25, 24, 2, 1, 4, 7]","(7.0, 383.19585824938406)"
118,232,[  7.         383.19585825],[0.00000000e+00 1.25055521e-12],[  7.         383.19585825],[  7.         383.19585825],"[21, 22, 20, 13, 17, 11, 10, 15, 19, 18, 5, 3, 6, 9, 8, 12, 14, 16, 23, 25, 24, 2, 1, 4, 7]","(7.0, 383.19585824938406)"
119,212,[  7.         383.19585825],[0.00000000e+00 1.25055521e-12],[  7.         383.19585825],[  7.         383.19585825],"[21, 22, 20, 13, 17, 11, 10, 15, 19, 18, 5, 3, 6, 9, 8, 12, 14, 16, 23, 25, 24, 2, 1, 4, 7]","(7.0, 383.19585824938406)"
120,206,[  7.         383.19585825],[0.00000000e+00 1.25055521e-12],[  7.         383.19585825],[  7.         383.19585825],"[21, 22, 20, 13, 17, 11, 10, 15, 19, 18, 5, 3, 6, 9, 8, 12, 14, 16, 23, 25, 24, 2, 1, 4, 7]","(7.0, 383.19585824938406)"
121,202,[  7.         383.19585825],[0.00000000e+00 1.25055521e-12],[  7.         383.19585825],[  7.         383.19585825],"[21, 22, 20, 13, 17, 11, 10, 15, 19, 18, 5, 3, 6, 9, 8, 12, 14, 16, 23, 25, 24, 2, 1, 4, 7]","(7.0, 383.19585824938406)"
122,234,[  7.         383.19585825],[0.00000000e+00 1.25055521e-12],[  7.         383.19585825],[  7.         383.19585825],"[21, 22, 20, 13, 17, 11, 10, 15, 19, 18, 5, 3, 6, 9, 8, 12, 14, 16, 23, 25, 24, 2, 1, 4, 7]","(7.0, 383.19585824938406)"
123,220,[  7.         383.19585825],[0.00000000e+00 1.25055521e-12],[  7.         383.19585825],[  7.         383.19585825],"[21, 22, 20, 13, 17, 11, 10, 15, 19, 18, 5, 3, 6, 9, 8, 12, 14, 16, 23, 25, 24, 2, 1, 4, 7]","(7.0, 383.19585824938406)"
124,206,[  7.         383.19585825],[0.00000000e+00 1.25055521e-12],[  7.         383.19585825],[  7.         383.19585825],"[21, 22, 20, 13, 17, 11, 10, 15, 19, 18, 5, 3, 6, 9, 8, 12, 14, 16, 23, 25, 24, 2, 1, 4, 7]","(7.0, 383.19585824938406)"
125,214,[  7.         383.19585825],[0.00000000e+00 1.25055521e-12],[  7.         383.19585825],[  7.         383.19585825],"[21, 22, 20, 13, 17, 11, 10, 15, 19, 18, 5, 3, 6, 9, 8, 12, 14, 16, 23, 25, 24, 2, 1, 4, 7]","(7.0, 383.19585824938406)"
126,212,[  7.         383.19585825],[0.00000000e+00 1.25055521e-12],[  7.         383.19585825],[  7.         383.19585825],"[21, 22, 20, 13, 17, 11, 10, 15, 19, 18, 5, 3, 6, 9, 8, 12, 14, 16, 23, 25, 24, 2, 1, 4, 7]","(7.0, 383.19585824938406)"
127,222,[  7.         383.19585825],[0.00000000e+00 1.25055521e-12],[  7.         383.19585825],[  7.         383.19585825],"[21, 22, 20, 13, 17, 11, 10, 15, 19, 18, 5, 3, 6, 9, 8, 12, 14, 16, 23, 25, 24, 2, 1, 4, 7]","(7.0, 383.19585824938406)"
128,208,[  7.         383.19585825],[0.00000000e+00 1.25055521e-12],[  7.         383.19585825],[  7.         383.19585825],"[21, 22, 20, 13, 17, 11, 10, 15, 19, 18, 5, 3, 6, 9, 8, 12, 14, 16, 23, 25, 24, 2, 1, 4, 7]","(7.0, 383.19585824938406)"
129,218,[  7.         383.19585825],[0.00000000e+00 1.25055521e-12],[  7.         383.19585825],[  7.         383.19585825],"[21, 22, 20, 13, 17, 11, 10, 15, 19, 18, 5, 3, 6, 9, 8, 12, 14, 16, 23, 25, 24, 2, 1, 4, 7]","(7.0, 383.19585824938406)"
130,204,[  7.         383.19585825],[0.00000000e+00 1.25055521e-12],[  7.         383.19585825],[  7.         383.19585825],"[21, 22, 20, 13, 17, 11, 10, 15, 19, 18, 5, 3, 6, 9, 8, 12, 14, 16, 23, 25, 24, 2, 1, 4, 7]","(7.0, 383.19585824938406)"
131,208,[  7.         383.19585825],[0.00000000e+00 1.25055521e-12],[  7.         383.19585825],[  7.         383.19585825],"[21, 22, 20, 13, 17, 11, 10, 15, 19, 18, 5, 3, 6, 9, 8, 12, 14, 16, 23, 25, 24, 2, 1, 4, 7]","(7.0, 383.19585824938406)"
132,206,[  7.         383.19585825],[0.00000000e+00 1.25055521e-12],[  7.         383.19585825],[  7.         383.19585825],"[21, 22, 20, 13, 17, 11, 10, 15, 19, 18, 5, 3, 6, 9, 8, 12, 14, 16, 23, 25, 24, 2, 1, 4, 7]","(7.0, 383.19585824938406)"
133,216,[  7.         383.19585825],[0.00000000e+00 1.25055521e-12],[  7.         383.19585825],[  7.         383.19585825],"[21, 22, 20, 13, 17, 11, 10, 15, 19, 18, 5, 3, 6, 9, 8, 12, 14, 16, 23, 25, 24, 2, 1, 4, 7]","(7.0, 383.19585824938406)"
134,210,[  7.         383.19585825],[0.00000000e+00 1.25055521e-12],[  7.         383.19585825],[  7.         383.19585825],"[21, 22, 20, 13, 17, 11, 10, 15, 19, 18, 5, 3, 6, 9, 8, 12, 14, 16, 23, 25, 24, 2, 1, 4, 7]","(7.0, 383.19585824938406)"
135,204,[  7.         383.19585825],[0.00000000e+00 1.25055521e-12],[  7.         383.19585825],[  7.         383.19585825],"[21, 22, 20, 13, 17, 11, 10, 15, 19, 18, 5, 3, 6, 9, 8, 12, 14, 16, 23, 25, 24, 2, 1, 4, 7]","(7.0, 383.19585824938406)"
136,188,[  7.         383.19585825],[0.00000000e+00 1.25055521e-12],[  7.         383.19585825],[  7.         383.19585825],"[21, 22, 20, 13, 17, 11, 10, 15, 19, 18, 5, 3, 6, 9, 8, 12, 14, 16, 23, 25, 24, 2, 1, 4, 7]","(7.0, 383.19585824938406)"
137,206,[  7.         383.19585825],[0.00000000e+00 1.25055521e-12],[  7.         383.19585825],[  7.         383.19585825],"[21, 22, 20, 13, 17, 11, 10, 15, 19, 18, 5, 3, 6, 9, 8, 12, 14, 16, 23, 25, 24, 2, 1, 4, 7]","(7.0, 383.19585824938406)"
138,208,[  7.         383.19585825],[0.00000000e+00 1.25055521e-12],[  7.         383.19585825],[  7.         383.19585825],"[21, 22, 20, 13, 17, 11, 10, 15, 19, 18, 5, 3, 6, 9, 8, 12, 14, 16, 23, 25, 24, 2, 1, 4, 7]","(7.0, 383.19585824938406)"
139,214,[  7.         383.19585825],[0.00000000e+00 1.25055521e-12],[  7.         383.19585825],[  7.         383.19585825],"[21, 22, 20, 13, 17, 11, 10, 15, 19, 18, 5, 3, 6, 9, 8, 12, 14, 16, 23, 25, 24, 2, 1, 4, 7]","(7.0, 383.19585824938406)"
140,210,[  7.         383.19585825],[0.00000000e+00 1.25055521e-12],[  7.         383.19585825],[  7.         383.19585825],"[21, 22, 20, 13, 17, 11, 10, 15, 19, 18, 5, 3, 6, 9, 8, 12, 14, 16, 23, 25, 24, 2, 1, 4, 7]","(7.0, 383.19585824938406)"
141,218,[  7.         383.19585825],[0.00000000e+00 1.25055521e-12],[  7.         383.19585825],[  7.         383.19585825],"[21, 22, 20, 13, 17, 11, 10, 15, 19, 18, 5, 3, 6, 9, 8, 12, 14, 16, 23, 25, 24, 2, 1, 4, 7]","(7.0, 383.19585824938406)"
142,216,[  7.         383.19585825],[0.00000000e+00 1.25055521e-12],[  7.         383.19585825],[  7.         383.19585825],"[21, 22, 20, 13, 17, 11, 10, 15, 19, 18, 5, 3, 6, 9, 8, 12, 14, 16, 23, 25, 24, 2, 1, 4, 7]","(7.0, 383.19585824938406)"
143,204,[  7.         383.19585825],[0.00000000e+00 1.25055521e-12],[  7.         383.19585825],[  7.         383.19585825],"[21, 22, 20, 13, 17, 11, 10, 15, 19, 18, 5, 3, 6, 9, 8, 12, 14, 16, 23, 25, 24, 2, 1, 4, 7]","(7.0, 383.19585824938406)"
144,216,[  7.         383.19585825],[0.00000000e+00 1.25055521e-12],[  7.         383.19585825],[  7.         383.19585825],"[21, 22, 20, 13, 17, 11, 10, 15, 19, 18, 5, 3, 6, 9, 8, 12, 14, 16, 23, 25, 24, 2, 1, 4, 7]","(7.0, 383.19585824938406)"
145,204,[  7.         383.19585825],[0.00000000e+00 1.25055521e-12],[  7.         383.19585825],[  7.         383.19585825],"[21, 22, 20, 13, 17, 11, 10, 15, 19, 18, 5, 3, 6, 9, 8, 12, 14, 16, 23, 25, 24, 2, 1, 4, 7]","(7.0, 383.19585824938406)"
146,210,[  7.         383.19585825],[0.00000000e+00 1.25055521e-12],[  7.         383.19585825],[  7.         383.19585825],"[21, 22, 20, 13, 17, 11, 10, 15, 19, 18, 5, 3, 6, 9, 8, 12, 14, 16, 23, 25, 24, 2, 1, 4, 7]","(7.0, 383.19585824938406)"
147,200,[  7.         383.19585825],[0.00000000e+00 1.25055521e-12],[  7.         383.19585825],[  7.         383.19585825],"[21, 22, 20, 13, 17, 11, 10, 15, 19, 18, 5, 3, 6, 9, 8, 12, 14, 16, 23, 25, 24, 2, 1, 4, 7]","(7.0, 383.19585824938406)"
148,208,[  7.         383.19585825],[0.00000000e+00 1.25055521e-12],[  7.         383.19585825],[  7.         383.19585825],"[21, 22, 20, 13, 17, 11, 10, 15, 19, 18, 5, 3, 6, 9, 8, 12, 14, 16, 23, 25, 24, 2, 1, 4, 7]","(7.0, 383.19585824938406)"
149,204,[  7.         383.19585825],[0.00000000e+00 1.25055521e-12],[  7.         383.19585825],[  7.         383.19585825],"[21, 22, 20, 13, 17, 11, 10, 15, 19, 18, 5, 3, 6, 9, 8, 12, 14, 16, 23, 25, 24, 2, 1, 4, 7]","(7.0, 383.19585824938406)"
150,196,[  7.         383.19585825],[0.00000000e+00 1.25055521e-12],[  7.         383.19585825],[  7.         383.19585825],"[21, 22, 20, 13, 17, 11, 10, 15, 19, 18, 5, 3, 6, 9, 8, 12, 14, 16, 23, 25, 24, 2, 1, 4, 7]","(7.0, 383.19585824938406)"
151,210,[  7.         383.19585825],[0.00000000e+00 1.25055521e-12],[  7.         383.19585825],[  7.         383.19585825],"[21, 22, 20, 13, 17, 11, 10, 15, 19, 18, 5, 3, 6, 9, 8, 12, 14, 16, 23, 25, 24, 2, 1, 4, 7]","(7.0, 383.19585824938406)"
152,200,[  7.         383.19585825],[0.00000000e+00 1.25055521e-12],[  7.         383.19585825],[  7.         383.19585825],"[21, 22, 20, 13, 17, 11, 10, 15, 19, 18, 5, 3, 6, 9, 8, 12, 14, 16, 23, 25, 24, 2, 1, 4, 7]","(7.0, 383.19585824938406)"
153,222,[  7.         383.19585825],[0.00000000e+00 1.25055521e-12],[  7.         383.19585825],[  7.         383.19585825],"[21, 22, 20, 13, 17, 11, 10, 15, 19, 18, 5, 3, 6, 9, 8, 12, 14, 16, 23, 25, 24, 2, 1, 4, 7]","(7.0, 383.19585824938406)"
154,196,[  7.         383.19585825],[0.00000000e+00 1.25055521e-12],[  7.         383.19585825],[  7.         383.19585825],"[21, 22, 20, 13, 17, 11, 10, 15, 19, 18, 5, 3, 6, 9, 8, 12, 14, 16, 23, 25, 24, 2, 1, 4, 7]","(7.0, 383.19585824938406)"
155,206,[  7.         383.19585825],[0.00000000e+00 1.25055521e-12],[  7.         383.19585825],[  7.         383.19585825],"[21, 22, 20, 13, 17, 11, 10, 15, 19, 18, 5, 3, 6, 9, 8, 12, 14, 16, 23, 25, 24, 2, 1, 4, 7]","(7.0, 383.19585824938406)"
156,232,[  7.         383.19585825],[0.00000000e+00 1.25055521e-12],[  7.         383.19585825],[  7.         383.19585825],"[21, 22, 20, 13, 17, 11, 10, 15, 19, 18, 5, 3, 6, 9, 8, 12, 14, 16, 23, 25, 24, 2, 1, 4, 7]","(7.0, 383.19585824938406)"
157,210,[  7.         383.19585825],[0.00000000e+00 1.25055521e-12],[  7.         383.19585825],[  7.         383.19585825],"[21, 22, 20, 13, 17, 11, 10, 15, 19, 18, 5, 3, 6, 9, 8, 12, 14, 16, 23, 25, 24, 2, 1, 4, 7]","(7.0, 383.19585824938406)"
158,210,[  7.         383.19585825],[0.00000000e+00 1.25055521e-12],[  7.         383.19585825],[  7.         383.19585825],"[21, 22, 20, 13, 17, 11, 10, 15, 19, 18, 5, 3, 6, 9, 8, 12, 14, 16, 23, 25, 24, 2, 1, 4, 7]","(7.0, 383.19585824938406)"
159,196,[  7.         383.19585825],[0.00000000e+00 1.25055521e-12],[  7.         383.19585825],[  7.         383.19585825],"[21, 22, 20, 13, 17, 11, 10, 15, 19, 18, 5, 3, 6, 9, 8, 12, 14, 16, 23, 25, 24, 2, 1, 4, 7]","(7.0, 383.19585824938406)"
160,214,[  7.         383.19585825],[0.00000000e+00 1.25055521e-12],[  7.         383.19585825],[  7.         383.19585825],"[21, 22, 20, 13, 17, 11, 10, 15, 19, 18, 5, 3, 6, 9, 8, 12, 14, 16, 23, 25, 24, 2, 1, 4, 7]","(7.0, 383.19585824938406)"
161,216,[  7.         383.19585825],[0.00000000e+00 1.25055521e-12],[  7.         383.19585825],[  7.         383.19585825],"[21, 22, 20, 13, 17, 11, 10, 15, 19, 18, 5, 3, 6, 9, 8, 12, 14, 16, 23, 25, 24, 2, 1, 4, 7]","(7.0, 383.19585824938406)"
162,206,[  7.         383.19585825],[0.00000000e+00 1.25055521e-12],[  7.         383.19585825],[  7.         383.19585825],"[21, 22, 20, 13, 17, 11, 10, 15, 19, 18, 5, 3, 6, 9, 8, 12, 14, 16, 23, 25, 24, 2, 1, 4, 7]","(7.0, 383.19585824938406)"
163,204,[  7.         383.19585825],[0.00000000e+00 1.25055521e-12],[  7.         383.19585825],[  7.         383.19585825],"[21, 22, 20, 13, 17, 11, 10, 15, 19, 18, 5, 3, 6, 9, 8, 12, 14, 16, 23, 25, 24, 2, 1, 4, 7]","(7.0, 383.19585824938406)"
164,212,[  7.         383.19585825],[0.00000000e+00 1.25055521e-12],[  7.         383.19585825],[  7.         383.19585825],"[21, 22, 20, 13, 17, 11, 10, 15, 19, 18, 5, 3, 6, 9, 8, 12, 14, 16, 23, 25, 24, 2, 1, 4, 7]","(7.0, 383.19585824938406)"
165,194,[  7.         383.19585825],[0.00000000e+00 1.25055521e-12],[  7.         383.19585825],[  7.         383.19585825],"[21, 22, 20, 13, 17, 11, 10, 15, 19, 18, 5, 3, 6, 9, 8, 12, 14, 16, 23, 25, 24, 2, 1, 4, 7]","(7.0, 383.19585824938406)"
166,194,[  7.         383.19585825],[0.00000000e+00 1.25055521e-12],[  7.         383.19585825],[  7.         383.19585825],"[21, 22, 20, 13, 17, 11, 10, 15, 19, 18, 5, 3, 6, 9, 8, 12, 14, 16, 23, 25, 24, 2, 1, 4, 7]","(7.0, 383.19585824938406)"
167,200,[  7.         383.19585825],[0.00000000e+00 1.25055521e-12],[  7.         383.19585825],[  7.         383.19585825],"[21, 22, 20, 13, 17, 11, 10, 15, 19, 18, 5, 3, 6, 9, 8, 12, 14, 16, 23, 25, 24, 2, 1, 4, 7]","(7.0, 383.19585824938406)"
168,218,[  7.         383.19585825],[0.00000000e+00 1.25055521e-12],[  7.         383.19585825],[  7.         383.19585825],"[21, 22, 20, 13, 17, 11, 10, 15, 19, 18, 5, 3, 6, 9, 8, 12, 14, 16, 23, 25, 24, 2, 1, 4, 7]","(7.0, 383.19585824938406)"
169,218,[  7.         383.19585825],[0.00000000e+00 1.25055521e-12],[  7.         383.19585825],[  7.         383.19585825],"[21, 22, 20, 13, 17, 11, 10, 15, 19, 18, 5, 3, 6, 9, 8, 12, 14, 16, 23, 25, 24, 2, 1, 4, 7]","(7.0, 383.19585824938406)"
170,222,[  7.         383.19585825],[0.00000000e+00 1.25055521e-12],[  7.         383.19585825],[  7.         383.19585825],"[21, 22, 20, 13, 17, 11, 10, 15, 19, 18, 5, 3, 6, 9, 8, 12, 14, 16, 23, 25, 24, 2, 1, 4, 7]","(7.0, 383.19585824938406)"
171,206,[  7.         383.19585825],[0.00000000e+00 1.25055521e-12],[  7.         383.19585825],[  7.         383.19585825],"[21, 22, 20, 13, 17, 11, 10, 15, 19, 18, 5, 3, 6, 9, 8, 12, 14, 16, 23, 25, 24, 2, 1, 4, 7]","(7.0, 383.19585824938406)"
172,196,[  7.         383.19585825],[0.00000000e+00 1.25055521e-12],[  7.         383.19585825],[  7.         383.19585825],"[21, 22, 20, 13, 17, 11, 10, 15, 19, 18, 5, 3, 6, 9, 8, 12, 14, 16, 23, 25, 24, 2, 1, 4, 7]","(7.0, 383.19585824938406)"
173,224,[  7.         383.19585825],[0.00000000e+00 1.25055521e-12],[  7.         383.19585825],[  7.         383.19585825],"[21, 22, 20, 13, 17, 11, 10, 15, 19, 18, 5, 3, 6, 9, 8, 12, 14, 16, 23, 25, 24, 2, 1, 4, 7]","(7.0, 383.19585824938406)"
174,210,[  7.         383.19585825],[0.00000000e+00 1.25055521e-12],[  7.         383.19585825],[  7.         383.19585825],"[21, 22, 20, 13, 17, 11, 10, 15, 19, 18, 5, 3, 6, 9, 8, 12, 14, 16, 23, 25, 24, 2, 1, 4, 7]","(7.0, 383.19585824938406)"
175,216,[  7.         383.19585825],[0.00000000e+00 1.25055521e-12],[  7.         383.19585825],[  7.         383.19585825],"[21, 22, 20, 13, 17, 11, 10, 15, 19, 18, 5, 3, 6, 9, 8, 12, 14, 16, 23, 25, 24, 2, 1, 4, 7]","(7.0, 383.19585824938406)"
176,222,[  7.         383.19585825],[0.00000000e+00 1.25055521e-12],[  7.         383.19585825],[  7.         383.19585825],"[21, 22, 20, 13, 17, 11, 10, 15, 19, 18, 5, 3, 6, 9, 8, 12, 14, 16, 23, 25, 24, 2, 1, 4, 7]","(7.0, 383.19585824938406)"
177,210,[  7.         383.19585825],[0.00000000e+00 1.25055521e-12],[  7.         383.19585825],[  7.         383.19585825],"[21, 22, 20, 13, 17, 11, 10, 15, 19, 18, 5, 3, 6, 9, 8, 12, 14, 16, 23, 25, 24, 2, 1, 4, 7]","(7.0, 383.19585824938406)"
178,212,[  7.         383.19585825],[0.00000000e+00 1.25055521e-12],[  7.         383.19585825],[  7.         383.19585825],"[21, 22, 20, 13, 17, 11, 10, 15, 19, 18, 5, 3, 6, 9, 8, 12, 14, 16, 23, 25, 24, 2, 1, 4, 7]","(7.0, 383.19585824938406)"
179,208,[  7.         383.19585825],[0.00000000e+00 1.25055521e-12],[  7.         383.19585825],[  7.         383.19585825],"[21, 22, 20, 13, 17, 11, 10, 15, 19, 18, 5, 3, 6, 9, 8, 12, 14, 16, 23, 25, 24, 2, 1, 4, 7]","(7.0, 383.19585824938406)"
180,198,[  7.         383.19585825],[0.00000000e+00 1.25055521e-12],[  7.         383.19585825],[  7.         383.19585825],"[21, 22, 20, 13, 17, 11, 10, 15, 19, 18, 5, 3, 6, 9, 8, 12, 14, 16, 23, 25, 24, 2, 1, 4, 7]","(7.0, 383.19585824938406)"
181,232,[  7.         383.19585825],[0.00000000e+00 1.25055521e-12],[  7.         383.19585825],[  7.         383.19585825],"[21, 22, 20, 13, 17, 11, 10, 15, 19, 18, 5, 3, 6, 9, 8, 12, 14, 16, 23, 25, 24, 2, 1, 4, 7]","(7.0, 383.19585824938406)"
182,196,[  7.         383.19585825],[0.00000000e+00 1.25055521e-12],[  7.         383.19585825],[  7.         383.19585825],"[21, 22, 20, 13, 17, 11, 10, 15, 19, 18, 5, 3, 6, 9, 8, 12, 14, 16, 23, 25, 24, 2, 1, 4, 7]","(7.0, 383.19585824938406)"
183,208,[  7.         383.19585825],[0.00000000e+00 1.25055521e-12],[  7.         383.19585825],[  7.         383.19585825],"[21, 22, 20, 13, 17, 11, 10, 15, 19, 18, 5, 3, 6, 9, 8, 12, 14, 16, 23, 25, 24, 2, 1, 4, 7]","(7.0, 383.19585824938406)"
184,196,[  7.         383.19585825],[0.00000000e+00 1.25055521e-12],[  7.         383.19585825],[  7.         383.19585825],"[21, 22, 20, 13, 17, 11, 10, 15, 19, 18, 5, 3, 6, 9, 8, 12, 14, 16, 23, 25, 24, 2, 1, 4, 7]","(7.0, 383.19585824938406)"
185,228,[  7.         383.19585825],[0.00000000e+00 1.25055521e-12],[  7.         383.19585825],[  7.         383.19585825],"[21, 22, 20, 13, 17, 11, 10, 15, 19, 18, 5, 3, 6, 9, 8, 12, 14, 16, 23, 25, 24, 2, 1, 4, 7]","(7.0, 383.19585824938406)"
186,220,[  7.         383.19585825],[0.00000000e+00 1.25055521e-12],[  7.         383.19585825],[  7.         383.19585825],"[21, 22, 20, 13, 17, 11, 10, 15, 19, 18, 5, 3, 6, 9, 8, 12, 14, 16, 23, 25, 24, 2, 1, 4, 7]","(7.0, 383.19585824938406)"
187,198,[  7.         383.19585825],[0.00000000e+00 1.25055521e-12],[  7.         383.19585825],[  7.         383.19585825],"[21, 22, 20, 13, 17, 11, 10, 15, 19, 18, 5, 3, 6, 9, 8, 12, 14, 16, 23, 25, 24, 2, 1, 4, 7]","(7.0, 383.19585824938406)"
188,240,[  7.         383.19585825],[0.00000000e+00 1.25055521e-12],[  7.         383.19585825],[  7.         383.19585825],"[21, 22, 20, 13, 17, 11, 10, 15, 19, 18, 5, 3, 6, 9, 8, 12, 14, 16, 23, 25, 24, 2, 1, 4, 7]","(7.0, 383.19585824938406)"
189,206,[  7.         383.19585825],[0.00000000e+00 1.25055521e-12],[  7.         383.19585825],[  7.         383.19585825],"[21, 22, 20, 13, 17, 11, 10, 15, 19, 18, 5, 3, 6, 9, 8, 12, 14, 16, 23, 25, 24, 2, 1, 4, 7]","(7.0, 383.19585824938406)"
190,194,[  7.         383.19585825],[0.00000000e+00 1.25055521e-12],[  7.         383.19585825],[  7.         383.19585825],"[21, 22, 20, 13, 17, 11, 10, 15, 19, 18, 5, 3, 6, 9, 8, 12, 14, 16, 23, 25, 24, 2, 1, 4, 7]","(7.0, 383.19585824938406)"
191,216,[  7.         383.19585825],[0.00000000e+00 1.25055521e-12],[  7.         383.19585825],[  7.         383.19585825],"[21, 22, 20, 13, 17, 11, 10, 15, 19, 18, 5, 3, 6, 9, 8, 12, 14, 16, 23, 25, 24, 2, 1, 4, 7]","(7.0, 383.19585824938406)"
192,218,[  7.         383.19585825],[0.00000000e+00 1.25055521e-12],[  7.         383.19585825],[  7.         383.19585825],"[21, 22, 20, 13, 17, 11, 10, 15, 19, 18, 5, 3, 6, 9, 8, 12, 14, 16, 23, 25, 24, 2, 1, 4, 7]","(7.0, 383.19585824938406)"
193,220,[  7.         383.19585825],[0.00000000e+00 1.25055521e-12],[  7.         383.19585825],[  7.         383.19585825],"[21, 22, 20, 13, 17, 11, 10, 15, 19, 18, 5, 3, 6, 9, 8, 12, 14, 16, 23, 25, 24, 2, 1, 4, 7]","(7.0, 383.19585824938406)"
194,216,[  7.         383.19585825],[0.00000000e+00 1.25055521e-12],[  7.         383.19585825],[  7.         383.19585825],"[21, 22, 20, 13, 17, 11, 10, 15, 19, 18, 5, 3, 6, 9, 8, 12, 14, 16, 23, 25, 24, 2, 1, 4, 7]","(7.0, 383.19585824938406)"
195,198,[  7.         383.19585825],[0.00000000e+00 1.25055521e-12],[  7.         383.19585825],[  7.         383.19585825],"[21, 22, 20, 13, 17, 11, 10, 15, 19, 18, 5, 3, 6, 9, 8, 12, 14, 16, 23, 25, 24, 2, 1, 4, 7]","(7.0, 383.19585824938406)"
196,198,[  7.         383.19585825],[0.00000000e+00 1.25055521e-12],[  7.         383.19585825],[  7.         383.19585825],"[21, 22, 20, 13, 17, 11, 10, 15, 19, 18, 5, 3, 6, 9, 8, 12, 14, 16, 23, 25, 24, 2, 1, 4, 7]","(7.0, 383.19585824938406)"
197,198,[  7.         383.19585825],[0.00000000e+00 1.25055521e-12],[  7.         383.19585825],[  7.         383.19585825],"[21, 22, 20, 13, 17, 11, 10, 15, 19, 18, 5, 3, 6, 9, 8, 12, 14, 16, 23, 25, 24, 2, 1, 4, 7]","(7.0, 383.19585824938406)"
198,212,[  7.         383.19585825],[0.00000000e+00 1.25055521e-12],[  7.         383.19585825],[  7.         383.19585825],"[21, 22, 20, 13, 17, 11, 10, 15, 19, 18, 5, 3, 6, 9, 8, 12, 14, 16, 23, 25, 24, 2, 1, 4, 7]","(7.0, 383.19585824938406)"
199,202,[  7.         383.19585825],[0.00000000e+00 1.25055521e-12],[  7.         383.19585825],[  7.         383.19585825],"[21, 22, 20, 13, 17, 11, 10, 15, 19, 18, 5, 3, 6, 9, 8, 12, 14, 16, 23, 25, 24, 2, 1, 4, 7]","(7.0, 383.19585824938406)"
200,206,[  7.         383.19585825],[0.00000000e+00 1.25055521e-12],[  7.         383.19585825],[  7.         383.19585825],"[21, 22, 20, 13, 17, 11, 10, 15, 19, 18, 5, 3, 6, 9, 8, 12, 14, 16, 23, 25, 24, 2, 1, 4, 7]","(7.0, 383.19585824938406)"
201,240,[  7.         383.19585825],[0.00000000e+00 1.25055521e-12],[  7.         383.19585825],[  7.         383.19585825],"[21, 22, 20, 13, 17, 11, 10, 15, 19, 18, 5, 3, 6, 9, 8, 12, 14, 16, 23, 25, 24, 2, 1, 4, 7]","(7.0, 383.19585824938406)"
202,204,[  7.         383.19585825],[0.00000000e+00 1.25055521e-12],[  7.         383.19585825],[  7.         383.19585825],"[21, 22, 20, 13, 17, 11, 10, 15, 19, 18, 5, 3, 6, 9, 8, 12, 14, 16, 23, 25, 24, 2, 1, 4, 7]","(7.0, 383.19585824938406)"
203,204,[  7.         383.19585825],[0.00000000e+00 1.25055521e-12],[  7.         383.19585825],[  7.         383.19585825],"[21, 22, 20, 13, 17, 11, 10, 15, 19, 18, 5, 3, 6, 9, 8, 12, 14, 16, 23, 25, 24, 2, 1, 4, 7]","(7.0, 383.19585824938406)"
204,198,[  7.         383.19585825],[0.00000000e+00 1.25055521e-12],[  7.         383.19585825],[  7.         383.19585825],"[21, 22, 20, 13, 17, 11, 10, 15, 19, 18, 5, 3, 6, 9, 8, 12, 14, 16, 23, 25, 24, 2, 1, 4, 7]","(7.0, 383.19585824938406)"
205,206,[  7.         383.19585825],[0.00000000e+00 1.25055521e-12],[  7.         383.19585825],[  7.         383.19585825],"[21, 22, 20, 13, 17, 11, 10, 15, 19, 18, 5, 3, 6, 9, 8, 12, 14, 16, 23, 25, 24, 2, 1, 4, 7]","(7.0, 383.19585824938406)"
206,204,[  7.         383.19585825],[0.00000000e+00 1.25055521e-12],[  7.         383.19585825],[  7.         383.19585825],"[21, 22, 20, 13, 17, 11, 10, 15, 19, 18, 5, 3, 6, 9, 8, 12, 14, 16, 23, 25, 24, 2, 1, 4, 7]","(7.0, 383.19585824938406)"
207,212,[  7.         383.19585825],[0.00000000e+00 1.25055521e-12],[  7.         383.19585825],[  7.         383.19585825],"[21, 22, 20, 13, 17, 11, 10, 15, 19, 18, 5, 3, 6, 9, 8, 12, 14, 16, 23, 25, 24, 2, 1, 4, 7]","(7.0, 383.19585824938406)"
208,198,[  7.         383.19585825],[0.00000000e+00 1.25055521e-12],[  7.         383.19585825],[  7.         383.19585825],"[21, 22, 20, 13, 17, 11, 10, 15, 19, 18, 5, 3, 6, 9, 8, 12, 14, 16, 23, 25, 24, 2, 1, 4, 7]","(7.0, 383.19585824938406)"
209,204,[  7.         383.19585825],[0.00000000e+00 1.25055521e-12],[  7.         383.19585825],[  7.         383.19585825],"[21, 22, 20, 13, 17, 11, 10, 15, 19, 18, 5, 3, 6, 9, 8, 12, 14, 16, 23, 25, 24, 2, 1, 4, 7]","(7.0, 383.19585824938406)"
210,212,[  7.         383.19585825],[0.00000000e+00 1.25055521e-12],[  7.         383.19585825],[  7.         383.19585825],"[21, 22, 20, 13, 17, 11, 10, 15, 19, 18, 5, 3, 6, 9, 8, 12, 14, 16, 23, 25, 24, 2, 1, 4, 7]","(7.0, 383.19585824938406)"
211,216,[  7.         383.19585825],[0.00000000e+00 1.25055521e-12],[  7.         383.19585825],[  7.         383.19585825],"[21, 22, 20, 13, 17, 11, 10, 15, 19, 18, 5, 3, 6, 9, 8, 12, 14, 16, 23, 25, 24, 2, 1, 4, 7]","(7.0, 383.19585824938406)"
212,220,[  7.         383.19585825],[0.00000000e+00 1.25055521e-12],[  7.         383.19585825],[  7.         383.19585825],"[21, 22, 20, 13, 17, 11, 10, 15, 19, 18, 5, 3, 6, 9, 8, 12, 14, 16, 23, 25, 24, 2, 1, 4, 7]","(7.0, 383.19585824938406)"
213,220,[  7.         383.19585825],[0.00000000e+00 1.25055521e-12],[  7.         383.19585825],[  7.         383.19585825],"[21, 22, 20, 13, 17, 11, 10, 15, 19, 18, 5, 3, 6, 9, 8, 12, 14, 16, 23, 25, 24, 2, 1, 4, 7]","(7.0, 383.19585824938406)"
214,204,[  7.         383.19585825],[0.00000000e+00 1.25055521e-12],[  7.         383.19585825],[  7.         383.19585825],"[21, 22, 20, 13, 17, 11, 10, 15, 19, 18, 5, 3, 6, 9, 8, 12, 14, 16, 23, 25, 24, 2, 1, 4, 7]","(7.0, 383.19585824938406)"
215,200,[  7.         383.19585825],[0.00000000e+00 1.25055521e-12],[  7.         383.19585825],[  7.         383.19585825],"[21, 22, 20, 13, 17, 11, 10, 15, 19, 18, 5, 3, 6, 9, 8, 12, 14, 16, 23, 25, 24, 2, 1, 4, 7]","(7.0, 383.19585824938406)"
216,212,[  7.         383.19585825],[0.00000000e+00 1.25055521e-12],[  7.         383.19585825],[  7.         383.19585825],"[21, 22, 20, 13, 17, 11, 10, 15, 19, 18, 5, 3, 6, 9, 8, 12, 14, 16, 23, 25, 24, 2, 1, 4, 7]","(7.0, 383.19585824938406)"
217,196,[  7.         383.19585825],[0.00000000e+00 1.25055521e-12],[  7.         383.19585825],[  7.         383.19585825],"[21, 22, 20, 13, 17, 11, 10, 15, 19, 18, 5, 3, 6, 9, 8, 12, 14, 16, 23, 25, 24, 2, 1, 4, 7]","(7.0, 383.19585824938406)"
218,218,[  7.         383.19585825],[0.00000000e+00 1.25055521e-12],[  7.         383.19585825],[  7.         383.19585825],"[21, 22, 20, 13, 17, 11, 10, 15, 19, 18, 5, 3, 6, 9, 8, 12, 14, 16, 23, 25, 24, 2, 1, 4, 7]","(7.0, 383.19585824938406)"
219,216,[  7.         383.19585825],[0.00000000e+00 1.25055521e-12],[  7.         383.19585825],[  7.         383.19585825],"[21, 22, 20, 13, 17, 11, 10, 15, 19, 18, 5, 3, 6, 9, 8, 12, 14, 16, 23, 25, 24, 2, 1, 4, 7]","(7.0, 383.19585824938406)"
220,218,[  7.         383.19585825],[0.00000000e+00 1.25055521e-12],[  7.         383.19585825],[  7.         383.19585825],"[21, 22, 20, 13, 17, 11, 10, 15, 19, 18, 5, 3, 6, 9, 8, 12, 14, 16, 23, 25, 24, 2, 1, 4, 7]","(7.0, 383.19585824938406)"
221,204,[  7.         383.19585825],[0.00000000e+00 1.25055521e-12],[  7.         383.19585825],[  7.         383.19585825],"[21, 22, 20, 13, 17, 11, 10, 15, 19, 18, 5, 3, 6, 9, 8, 12, 14, 16, 23, 25, 24, 2, 1, 4, 7]","(7.0, 383.19585824938406)"
222,230,[  7.         383.19585825],[0.00000000e+00 1.25055521e-12],[  7.         383.19585825],[  7.         383.19585825],"[21, 22, 20, 13, 17, 11, 10, 15, 19, 18, 5, 3, 6, 9, 8, 12, 14, 16, 23, 25, 24, 2, 1, 4, 7]","(7.0, 383.19585824938406)"
223,208,[  7.         383.19585825],[0.00000000e+00 1.25055521e-12],[  7.         383.19585825],[  7.         383.19585825],"[21, 22, 20, 13, 17, 11, 10, 15, 19, 18, 5, 3, 6, 9, 8, 12, 14, 16, 23, 25, 24, 2, 1, 4, 7]","(7.0, 383.19585824938406)"
224,218,[  7.         383.19585825],[0.00000000e+00 1.25055521e-12],[  7.         383.19585825],[  7.         383.19585825],"[21, 22, 20, 13, 17, 11, 10, 15, 19, 18, 5, 3, 6, 9, 8, 12, 14, 16, 23, 25, 24, 2, 1, 4, 7]","(7.0, 383.19585824938406)"
225,204,[  7.         383.19585825],[0.00000000e+00 1.25055521e-12],[  7.         383.19585825],[  7.         383.19585825],"[21, 22, 20, 13, 17, 11, 10, 15, 19, 18, 5, 3, 6, 9, 8, 12, 14, 16, 23, 25, 24, 2, 1, 4, 7]","(7.0, 383.19585824938406)"
226,222,[  7.         383.19585825],[0.00000000e+00 1.25055521e-12],[  7.         383.19585825],[  7.         383.19585825],"[21, 22, 20, 13, 17, 11, 10, 15, 19, 18, 5, 3, 6, 9, 8, 12, 14, 16, 23, 25, 24, 2, 1, 4, 7]","(7.0, 383.19585824938406)"
227,222,[  7.         383.19585825],[0.00000000e+00 1.25055521e-12],[  7.         383.19585825],[  7.         383.19585825],"[21, 22, 20, 13, 17, 11, 10, 15, 19, 18, 5, 3, 6, 9, 8, 12, 14, 16, 23, 25, 24, 2, 1, 4, 7]","(7.0, 383.19585824938406)"
228,204,[  7.         383.19585825],[0.00000000e+00 1.25055521e-12],[  7.         383.19585825],[  7.         383.19585825],"[21, 22, 20, 13, 17, 11, 10, 15, 19, 18, 5, 3, 6, 9, 8, 12, 14, 16, 23, 25, 24, 2, 1, 4, 7]","(7.0, 383.19585824938406)"
229,224,[  7.         383.19585825],[0.00000000e+00 1.25055521e-12],[  7.         383.19585825],[  7.         383.19585825],"[21, 22, 20, 13, 17, 11, 10, 15, 19, 18, 5, 3, 6, 9, 8, 12, 14, 16, 23, 25, 24, 2, 1, 4, 7]","(7.0, 383.19585824938406)"
230,234,[  7.         383.19585825],[0.00000000e+00 1.25055521e-12],[  7.         383.19585825],[  7.         383.19585825],"[21, 22, 20, 13, 17, 11, 10, 15, 19, 18, 5, 3, 6, 9, 8, 12, 14, 16, 23, 25, 24, 2, 1, 4, 7]","(7.0, 383.19585824938406)"
231,216,[  7.         383.19585825],[0.00000000e+00 1.25055521e-12],[  7.         383.19585825],[  7.         383.19585825],"[21, 22, 20, 13, 17, 11, 10, 15, 19, 18, 5, 3, 6, 9, 8, 12, 14, 16, 23, 25, 24, 2, 1, 4, 7]","(7.0, 383.19585824938406)"
232,202,[  7.         383.19585825],[0.00000000e+00 1.25055521e-12],[  7.         383.19585825],[  7.         383.19585825],"[21, 22, 20, 13, 17, 11, 10, 15, 19, 18, 5, 3, 6, 9, 8, 12, 14, 16, 23, 25, 24, 2, 1, 4, 7]","(7.0, 383.19585824938406)"
233,206,[  7.         383.19585825],[0.00000000e+00 1.25055521e-12],[  7.         383.19585825],[  7.         383.19585825],"[21, 22, 20, 13, 17, 11, 10, 15, 19, 18, 5, 3, 6, 9, 8, 12, 14, 16, 23, 25, 24, 2, 1, 4, 7]","(7.0, 383.19585824938406)"
234,202,[  7.         383.19585825],[0.00000000e+00 1.25055521e-12],[  7.         383.19585825],[  7.         383.19585825],"[21, 22, 20, 13, 17, 11, 10, 15, 19, 18, 5, 3, 6, 9, 8, 12, 14, 16, 23, 25, 24, 2, 1, 4, 7]","(7.0, 383.19585824938406)"
235,188,[  7.         383.19585825],[0.00000000e+00 1.25055521e-12],[  7.         383.19585825],[  7.         383.19585825],"[21, 22, 20, 13, 17, 11, 10, 15, 19, 18, 5, 3, 6, 9, 8, 12, 14, 16, 23, 25, 24, 2, 1, 4, 7]","(7.0, 383.19585824938406)"
236,208,[  7.         383.19585825],[0.00000000e+00 1.25055521e-12],[  7.         383.19585825],[  7.         383.19585825],"[21, 22, 20, 13, 17, 11, 10, 15, 19, 18, 5, 3, 6, 9, 8, 12, 14, 16, 23, 25, 24, 2, 1, 4, 7]","(7.0, 383.19585824938406)"
237,208,[  7.         383.19585825],[0.00000000e+00 1.25055521e-12],[  7.         383.19585825],[  7.         383.19585825],"[21, 22, 20, 13, 17, 11, 10, 15, 19, 18, 5, 3, 6, 9, 8, 12, 14, 16, 23, 25, 24, 2, 1, 4, 7]","(7.0, 383.19585824938406)"
238,210,[  7.         383.19585825],[0.00000000e+00 1.25055521e-12],[  7.         383.19585825],[  7.         383.19585825],"[21, 22, 20, 13, 17, 11, 10, 15, 19, 18, 5, 3, 6, 9, 8, 12, 14, 16, 23, 25, 24, 2, 1, 4, 7]","(7.0, 383.19585824938406)"
239,208,[  7.         383.19585825],[0.00000000e+00 1.25055521e-12],[  7.         383.19585825],[  7.         383.19585825],"[21, 22, 20, 13, 17, 11, 10, 15, 19, 18, 5, 3, 6, 9, 8, 12, 14, 16, 23, 25, 24, 2, 1, 4, 7]","(7.0, 383.19585824938406)"
240,222,[  7.         383.19585825],[0.00000000e+00 1.25055521e-12],[  7.         383.19585825],[  7.         383.19585825],"[21, 22, 20, 13, 17, 11, 10, 15, 19, 18, 5, 3, 6, 9, 8, 12, 14, 16, 23, 25, 24, 2, 1, 4, 7]","(7.0, 383.19585824938406)"
241,204,[  7.         383.19585825],[0.00000000e+00 1.25055521e-12],[  7.         383.19585825],[  7.         383.19585825],"[21, 22, 20, 13, 17, 11, 10, 15, 19, 18, 5, 3, 6, 9, 8, 12, 14, 16, 23, 25, 24, 2, 1, 4, 7]","(7.0, 383.19585824938406)"
242,198,[  7.         383.19585825],[0.00000000e+00 1.25055521e-12],[  7.         383.19585825],[  7.         383.19585825],"[21, 22, 20, 13, 17, 11, 10, 15, 19, 18, 5, 3, 6, 9, 8, 12, 14, 16, 23, 25, 24, 2, 1, 4, 7]","(7.0, 383.19585824938406)"
243,196,[  7.         383.19585825],[0.00000000e+00 1.25055521e-12],[  7.         383.19585825],[  7.         383.19585825],"[21, 22, 20, 13, 17, 11, 10, 15, 19, 18, 5, 3, 6, 9, 8, 12, 14, 16, 23, 25, 24, 2, 1, 4, 7]","(7.0, 383.19585824938406)"
244,192,[  7.         383.19585825],[0.00000000e+00 1.25055521e-12],[  7.         383.19585825],[  7.         383.19585825],"[21, 22, 20, 13, 17, 11, 10, 15, 19, 18, 5, 3, 6, 9, 8, 12, 14, 16, 23, 25, 24, 2, 1, 4, 7]","(7.0, 383.19585824938406)"
245,208,[  7.         383.19585825],[0.00000000e+00 1.25055521e-12],[  7.         383.19585825],[  7.         383.19585825],"[21, 22, 20, 13, 17, 11, 10, 15, 19, 18, 5, 3, 6, 9, 8, 12, 14, 16, 23, 25, 24, 2, 1, 4, 7]","(7.0, 383.19585824938406)"
246,206,[  7.         383.19585825],[0.00000000e+00 1.25055521e-12],[  7.         383.19585825],[  7.         383.19585825],"[21, 22, 20, 13, 17, 11, 10, 15, 19, 18, 5, 3, 6, 9, 8, 12, 14, 16, 23, 25, 24, 2, 1, 4, 7]","(7.0, 383.19585824938406)"
247,198,[  7.         383.19585825],[0.00000000e+00 1.25055521e-12],[  7.         383.19585825],[  7.         383.19585825],"[21, 22, 20, 13, 17, 11, 10, 15, 19, 18, 5, 3, 6, 9, 8, 12, 14, 16, 23, 25, 24, 2, 1, 4, 7]","(7.0, 383.19585824938406)"
248,202,[  7.         383.19585825],[0.00000000e+00 1.25055521e-12],[  7.         383.19585825],[  7.         383.19585825],"[21, 22, 20, 13, 17, 11, 10, 15, 19, 18, 5, 3, 6, 9, 8, 12, 14, 16, 23, 25, 24, 2, 1, 4, 7]","(7.0, 383.19585824938406)"
249,174,[  7.         383.19585825],[0.00000000e+00 1.25055521e-12],[  7.         383.19585825],[  7.         383.19585825],"[21, 22, 20, 13, 17, 11, 10, 15, 19, 18, 5, 3, 6, 9, 8, 12, 14, 16, 23, 25, 24, 2, 1, 4, 7]","(7.0, 383.19585824938406)"
250,230,[  7.         383.19585825],[0.00000000e+00 1.25055521e-12],[  7.         383.19585825],[  7.         383.19585825],"[21, 22, 20, 13, 17, 11, 10, 15, 19, 18, 5, 3, 6, 9, 8, 12, 14, 16, 23, 25, 24, 2, 1, 4, 7]","(7.0, 383.19585824938406)"
251,220,[  7.         383.19585825],[0.00000000e+00 1.25055521e-12],[  7.         383.19585825],[  7.         383.19585825],"[21, 22, 20, 13, 17, 11, 10, 15, 19, 18, 5, 3, 6, 9, 8, 12, 14, 16, 23, 25, 24, 2, 1, 4, 7]","(7.0, 383.19585824938406)"
252,230,[  7.         383.19585825],[0.00000000e+00 1.25055521e-12],[  7.         383.19585825],[  7.         383.19585825],"[21, 22, 20, 13, 17, 11, 10, 15, 19, 18, 5, 3, 6, 9, 8, 12, 14, 16, 23, 25, 24, 2, 1, 4, 7]","(7.0, 383.19585824938406)"
253,210,[  7.         383.19585825],[0.00000000e+00 1.25055521e-12],[  7.         383.19585825],[  7.         383.19585825],"[21, 22, 20, 13, 17, 11, 10, 15, 19, 18, 5, 3, 6, 9, 8, 12, 14, 16, 23, 25, 24, 2, 1, 4, 7]","(7.0, 383.19585824938406)"
254,190,[  7.         383.19585825],[0.00000000e+00 1.25055521e-12],[  7.         383.19585825],[  7.         383.19585825],"[21, 22, 20, 13, 17, 11, 10, 15, 19, 18, 5, 3, 6, 9, 8, 12, 14, 16, 23, 25, 24, 2, 1, 4, 7]","(7.0, 383.19585824938406)"
255,222,[  7.         383.19585825],[0.00000000e+00 1.25055521e-12],[  7.         383.19585825],[  7.         383.19585825],"[21, 22, 20, 13, 17, 11, 10, 15, 19, 18, 5, 3, 6, 9, 8, 12, 14, 16, 23, 25, 24, 2, 1, 4, 7]","(7.0, 383.19585824938406)"
256,222,[  7.         383.19585825],[0.00000000e+00 1.25055521e-12],[  7.         383.19585825],[  7.         383.19585825],"[21, 22, 20, 13, 17, 11, 10, 15, 19, 18, 5, 3, 6, 9, 8, 12, 14, 16, 23, 25, 24, 2, 1, 4, 7]","(7.0, 383.19585824938406)"
257,210,[  7.         383.19585825],[0.00000000e+00 1.25055521e-12],[  7.         383.19585825],[  7.         383.19585825],"[21, 22, 20, 13, 17, 11, 10, 15, 19, 18, 5, 3, 6, 9, 8, 12, 14, 16, 23, 25, 24, 2, 1, 4, 7]","(7.0, 383.19585824938406)"
258,222,[  7.         383.19585825],[0.00000000e+00 1.25055521e-12],[  7.         383.19585825],[  7.         383.19585825],"[21, 22, 20, 13, 17, 11, 10, 15, 19, 18, 5, 3, 6, 9, 8, 12, 14, 16, 23, 25, 24, 2, 1, 4, 7]","(7.0, 383.19585824938406)"
259,216,[  7.         383.19585825],[0.00000000e+00 1.25055521e-12],[  7.         383.19585825],[  7.         383.19585825],"[21, 22, 20, 13, 17, 11, 10, 15, 19, 18, 5, 3, 6, 9, 8, 12, 14, 16, 23, 25, 24, 2, 1, 4, 7]","(7.0, 383.19585824938406)"
260,194,[  7.         383.19585825],[0.00000000e+00 1.25055521e-12],[  7.         383.19585825],[  7.         383.19585825],"[21, 22, 20, 13, 17, 11, 10, 15, 19, 18, 5, 3, 6, 9, 8, 12, 14, 16, 23, 25, 24, 2, 1, 4, 7]","(7.0, 383.19585824938406)"
261,198,[  7.         383.19585825],[0.00000000e+00 1.25055521e-12],[  7.         383.19585825],[  7.         383.19585825],"[21, 22, 20, 13, 17, 11, 10, 15, 19, 18, 5, 3, 6, 9, 8, 12, 14, 16, 23, 25, 24, 2, 1, 4, 7]","(7.0, 383.19585824938406)"
262,198,[  7.         383.19585825],[0.00000000e+00 1.25055521e-12],[  7.         383.19585825],[  7.         383.19585825],"[21, 22, 20, 13, 17, 11, 10, 15, 19, 18, 5, 3, 6, 9, 8, 12, 14, 16, 23, 25, 24, 2, 1, 4, 7]","(7.0, 383.19585824938406)"
263,190,[  7.         383.19585825],[0.00000000e+00 1.25055521e-12],[  7.         383.19585825],[  7.         383.19585825],"[21, 22, 20, 13, 17, 11, 10, 15, 19, 18, 5, 3, 6, 9, 8, 12, 14, 16, 23, 25, 24, 2, 1, 4, 7]","(7.0, 383.19585824938406)"
264,190,[  7.         383.19585825],[0.00000000e+00 1.25055521e-12],[  7.         383.19585825],[  7.         383.19585825],"[21, 22, 20, 13, 17, 11, 10, 15, 19, 18, 5, 3, 6, 9, 8, 12, 14, 16, 23, 25, 24, 2, 1, 4, 7]","(7.0, 383.19585824938406)"
265,194,[  7.         383.19585825],[0.00000000e+00 1.25055521e-12],[  7.         383.19585825],[  7.         383.19585825],"[21, 22, 20, 13, 17, 11, 10, 15, 19, 18, 5, 3, 6, 9, 8, 12, 14, 16, 23, 25, 24, 2, 1, 4, 7]","(7.0, 383.19585824938406)"
266,218,[  7.         383.19585825],[0.00000000e+00 1.25055521e-12],[  7.         383.19585825],[  7.         383.19585825],"[21, 22, 20, 13, 17, 11, 10, 15, 19, 18, 5, 3, 6, 9, 8, 12, 14, 16, 23, 25, 24, 2, 1, 4, 7]","(7.0, 383.19585824938406)"
267,212,[  7.         383.19585825],[0.00000000e+00 1.25055521e-12],[  7.         383.19585825],[  7.         383.19585825],"[21, 22, 20, 13, 17, 11, 10, 15, 19, 18, 5, 3, 6, 9, 8, 12, 14, 16, 23, 25, 24, 2, 1, 4, 7]","(7.0, 383.19585824938406)"
268,204,[  7.         383.19585825],[0.00000000e+00 1.25055521e-12],[  7.         383.19585825],[  7.         383.19585825],"[21, 22, 20, 13, 17, 11, 10, 15, 19, 18, 5, 3, 6, 9, 8, 12, 14, 16, 23, 25, 24, 2, 1, 4, 7]","(7.0, 383.19585824938406)"
269,206,[  7.         383.19585825],[0.00000000e+00 1.25055521e-12],[  7.         383.19585825],[  7.         383.19585825],"[21, 22, 20, 13, 17, 11, 10, 15, 19, 18, 5, 3, 6, 9, 8, 12, 14, 16, 23, 25, 24, 2, 1, 4, 7]","(7.0, 383.19585824938406)"
270,196,[  7.         383.19585825],[0.00000000e+00 1.25055521e-12],[  7.         383.19585825],[  7.         383.19585825],"[21, 22, 20, 13, 17, 11, 10, 15, 19, 18, 5, 3, 6, 9, 8, 12, 14, 16, 23, 25, 24, 2, 1, 4, 7]","(7.0, 383.19585824938406)"
271,202,[  7.         383.19585825],[0.00000000e+00 1.25055521e-12],[  7.         383.19585825],[  7.         383.19585825],"[21, 22, 20, 13, 17, 11, 10, 15, 19, 18, 5, 3, 6, 9, 8, 12, 14, 16, 23, 25, 24, 2, 1, 4, 7]","(7.0, 383.19585824938406)"
272,190,[  7.         383.19585825],[0.00000000e+00 1.25055521e-12],[  7.         383.19585825],[  7.         383.19585825],"[21, 22, 20, 13, 17, 11, 10, 15, 19, 18, 5, 3, 6, 9, 8, 12, 14, 16, 23, 25, 24, 2, 1, 4, 7]","(7.0, 383.19585824938406)"
273,202,[  7.         383.19585825],[0.00000000e+00 1.25055521e-12],[  7.         383.19585825],[  7.         383.19585825],"[21, 22, 20, 13, 17, 11, 10, 15, 19, 18, 5, 3, 6, 9, 8, 12, 14, 16, 23, 25, 24, 2, 1, 4, 7]","(7.0, 383.19585824938406)"
274,202,[  7.         383.19585825],[0.00000000e+00 1.25055521e-12],[  7.         383.19585825],[  7.         383.19585825],"[21, 22, 20, 13, 17, 11, 10, 15, 19, 18, 5, 3, 6, 9, 8, 12, 14, 16, 23, 25, 24, 2, 1, 4, 7]","(7.0, 383.19585824938406)"
275,216,[  7.         383.19585825],[0.00000000e+00 1.25055521e-12],[  7.         383.19585825],[  7.         383.19585825],"[21, 22, 20, 13, 17, 11, 10, 15, 19, 18, 5, 3, 6, 9, 8, 12, 14, 16, 23, 25, 24, 2, 1, 4, 7]","(7.0, 383.19585824938406)"
276,210,[  7.         383.19585825],[0.00000000e+00 1.25055521e-12],[  7.         383.19585825],[  7.         383.19585825],"[21, 22, 20, 13, 17, 11, 10, 15, 19, 18, 5, 3, 6, 9, 8, 12, 14, 16, 23, 25, 24, 2, 1, 4, 7]","(7.0, 383.19585824938406)"
277,212,[  7.         383.19585825],[0.00000000e+00 1.25055521e-12],[  7.         383.19585825],[  7.         383.19585825],"[21, 22, 20, 13, 17, 11, 10, 15, 19, 18, 5, 3, 6, 9, 8, 12, 14, 16, 23, 25, 24, 2, 1, 4, 7]","(7.0, 383.19585824938406)"
278,218,[  7.         383.19585825],[0.00000000e+00 1.25055521e-12],[  7.         383.19585825],[  7.         383.19585825],"[21, 22, 20, 13, 17, 11, 10, 15, 19, 18, 5, 3, 6, 9, 8, 12, 14, 16, 23, 25, 24, 2, 1, 4, 7]","(7.0, 383.19585824938406)"
279,210,[  7.         383.19585825],[0.00000000e+00 1.25055521e-12],[  7.         383.19585825],[  7.         383.19585825],"[21, 22, 20, 13, 17, 11, 10, 15, 19, 18, 5, 3, 6, 9, 8, 12, 14, 16, 23, 25, 24, 2, 1, 4, 7]","(7.0, 383.19585824938406)"
280,204,[  7.         383.19585825],[0.00000000e+00 1.25055521e-12],[  7.         383.19585825],[  7.         383.19585825],"[21, 22, 20, 13, 17, 11, 10, 15, 19, 18, 5, 3, 6, 9, 8, 12, 14, 16, 23, 25, 24, 2, 1, 4, 7]","(7.0, 383.19585824938406)"
281,212,[  7.         383.19585825],[0.00000000e+00 1.25055521e-12],[  7.         383.19585825],[  7.         383.19585825],"[21, 22, 20, 13, 17, 11, 10, 15, 19, 18, 5, 3, 6, 9, 8, 12, 14, 16, 23, 25, 24, 2, 1, 4, 7]","(7.0, 383.19585824938406)"
282,216,[  7.         383.19585825],[0.00000000e+00 1.25055521e-12],[  7.         383.19585825],[  7.         383.19585825],"[21, 22, 20, 13, 17, 11, 10, 15, 19, 18, 5, 3, 6, 9, 8, 12, 14, 16, 23, 25, 24, 2, 1, 4, 7]","(7.0, 383.19585824938406)"
283,236,[  7.         383.19585825],[0.00000000e+00 1.25055521e-12],[  7.         383.19585825],[  7.         383.19585825],"[21, 22, 20, 13, 17, 11, 10, 15, 19, 18, 5, 3, 6, 9, 8, 12, 14, 16, 23, 25, 24, 2, 1, 4, 7]","(7.0, 383.19585824938406)"
284,226,[  7.         383.19585825],[0.00000000e+00 1.25055521e-12],[  7.         383.19585825],[  7.         383.19585825],"[21, 22, 20, 13, 17, 11, 10, 15, 19, 18, 5, 3, 6, 9, 8, 12, 14, 16, 23, 25, 24, 2, 1, 4, 7]","(7.0, 383.19585824938406)"
285,220,[  7.         383.19585825],[0.00000000e+00 1.25055521e-12],[  7.         383.19585825],[  7.         383.19585825],"[21, 22, 20, 13, 17, 11, 10, 15, 19, 18, 5, 3, 6, 9, 8, 12, 14, 16, 23, 25, 24, 2, 1, 4, 7]","(7.0, 383.19585824938406)"
286,196,[  7.         383.19585825],[0.00000000e+00 1.25055521e-12],[  7.         383.19585825],[  7.         383.19585825],"[21, 22, 20, 13, 17, 11, 10, 15, 19, 18, 5, 3, 6, 9, 8, 12, 14, 16, 23, 25, 24, 2, 1, 4, 7]","(7.0, 383.19585824938406)"
287,210,[  7.         383.19585825],[0.00000000e+00 1.25055521e-12],[  7.         383.19585825],[  7.         383.19585825],"[21, 22, 20, 13, 17, 11, 10, 15, 19, 18, 5, 3, 6, 9, 8, 12, 14, 16, 23, 25, 24, 2, 1, 4, 7]","(7.0, 383.19585824938406)"
288,212,[  7.         383.19585825],[0.00000000e+00 1.25055521e-12],[  7.         383.19585825],[  7.         383.19585825],"[21, 22, 20, 13, 17, 11, 10, 15, 19, 18, 5, 3, 6, 9, 8, 12, 14, 16, 23, 25, 24, 2, 1, 4, 7]","(7.0, 383.19585824938406)"
289,198,[  7.         383.19585825],[0.00000000e+00 1.25055521e-12],[  7.         383.19585825],[  7.         383.19585825],"[21, 22, 20, 13, 17, 11, 10, 15, 19, 18, 5, 3, 6, 9, 8, 12, 14, 16, 23, 25, 24, 2, 1, 4, 7]","(7.0, 383.19585824938406)"
290,200,[  7.         383.19585825],[0.00000000e+00 1.25055521e-12],[  7.         383.19585825],[  7.         383.19585825],"[21, 22, 20, 13, 17, 11, 10, 15, 19, 18, 5, 3, 6, 9, 8, 12, 14, 16, 23, 25, 24, 2, 1, 4, 7]","(7.0, 383.19585824938406)"
291,212,[  7.         383.19585825],[0.00000000e+00 1.25055521e-12],[  7.         383.19585825],[  7.         383.19585825],"[21, 22, 20, 13, 17, 11, 10, 15, 19, 18, 5, 3, 6, 9, 8, 12, 14, 16, 23, 25, 24, 2, 1, 4, 7]","(7.0, 383.19585824938406)"
292,220,[  7.         383.19585825],[0.00000000e+00 1.25055521e-12],[  7.         383.19585825],[  7.         383.19585825],"[21, 22, 20, 13, 17, 11, 10, 15, 19, 18, 5, 3, 6, 9, 8, 12, 14, 16, 23, 25, 24, 2, 1, 4, 7]","(7.0, 383.19585824938406)"
293,222,[  7.         383.19585825],[0.00000000e+00 1.25055521e-12],[  7.         383.19585825],[  7.         383.19585825],"[21, 22, 20, 13, 17, 11, 10, 15, 19, 18, 5, 3, 6, 9, 8, 12, 14, 16, 23, 25, 24, 2, 1, 4, 7]","(7.0, 383.19585824938406)"
294,204,[  7.         383.19585825],[0.00000000e+00 1.25055521e-12],[  7.         383.19585825],[  7.         383.19585825],"[21, 22, 20, 13, 17, 11, 10, 15, 19, 18, 5, 3, 6, 9, 8, 12, 14, 16, 23, 25, 24, 2, 1, 4, 7]","(7.0, 383.19585824938406)"
295,244,[  7.         383.19585825],[0.00000000e+00 1.25055521e-12],[  7.         383.19585825],[  7.         383.19585825],"[21, 22, 20, 13, 17, 11, 10, 15, 19, 18, 5, 3, 6, 9, 8, 12, 14, 16, 23, 25, 24, 2, 1, 4, 7]","(7.0, 383.19585824938406)"
296,222,[  7.         383.19585825],[0.00000000e+00 1.25055521e-12],[  7.         383.19585825],[  7.         383.19585825],"[21, 22, 20, 13, 17, 11, 10, 15, 19, 18, 5, 3, 6, 9, 8, 12, 14, 16, 23, 25, 24, 2, 1, 4, 7]","(7.0, 383.19585824938406)"
297,210,[  7.         383.19585825],[0.00000000e+00 1.25055521e-12],[  7.         383.19585825],[  7.         383.19585825],"[21, 22, 20, 13, 17, 11, 10, 15, 19, 18, 5, 3, 6, 9, 8, 12, 14, 16, 23, 25, 24, 2, 1, 4, 7]","(7.0, 383.19585824938406)"
298,198,[  7.         383.19585825],[0.00000000e+00 1.25055521e-12],[  7.         383.19585825],[  7.         383.19585825],"[21, 22, 20, 13, 17, 11, 10, 15, 19, 18, 5, 3, 6, 9, 8, 12, 14, 16, 23, 25, 24, 2, 1, 4, 7]","(7.0, 383.19585824938406)"
299,204,[  7.         383.19585825],[0.00000000e+00 1.25055521e-12],[  7.         383.19585825],[  7.         383.19585825],"[21, 22, 20, 13, 17, 11, 10, 15, 19, 18, 5, 3, 6, 9, 8, 12, 14, 16, 23, 25, 24, 2, 1, 4, 7]","(7.0, 383.19585824938406)"
300,182,[  7.         383.19585825],[0.00000000e+00 1.25055521e-12],[  7.         383.19585825],[  7.         383.19585825],"[21, 22, 20, 13, 17, 11, 10, 15, 19, 18, 5, 3, 6, 9, 8, 12, 14, 16, 23, 25, 24, 2, 1, 4, 7]","(7.0, 383.19585824938406)"
301,228,[  7.         383.19585825],[0.00000000e+00 1.25055521e-12],[  7.         383.19585825],[  7.         383.19585825],"[21, 22, 20, 13, 17, 11, 10, 15, 19, 18, 5, 3, 6, 9, 8, 12, 14, 16, 23, 25, 24, 2, 1, 4, 7]","(7.0, 383.19585824938406)"
302,220,[  7.         383.19585825],[0.00000000e+00 1.25055521e-12],[  7.         383.19585825],[  7.         383.19585825],"[21, 22, 20, 13, 17, 11, 10, 15, 19, 18, 5, 3, 6, 9, 8, 12, 14, 16, 23, 25, 24, 2, 1, 4, 7]","(7.0, 383.19585824938406)"
303,220,[  7.         383.19585825],[0.00000000e+00 1.25055521e-12],[  7.         383.19585825],[  7.         383.19585825],"[21, 22, 20, 13, 17, 11, 10, 15, 19, 18, 5, 3, 6, 9, 8, 12, 14, 16, 23, 25, 24, 2, 1, 4, 7]","(7.0, 383.19585824938406)"
304,220,[  7.         383.19585825],[0.00000000e+00 1.25055521e-12],[  7.         383.19585825],[  7.         383.19585825],"[21, 22, 20, 13, 17, 11, 10, 15, 19, 18, 5, 3, 6, 9, 8, 12, 14, 16, 23, 25, 24, 2, 1, 4, 7]","(7.0, 383.19585824938406)"
305,192,[  7.         383.19585825],[0.00000000e+00 1.25055521e-12],[  7.         383.19585825],[  7.         383.19585825],"[21, 22, 20, 13, 17, 11, 10, 15, 19, 18, 5, 3, 6, 9, 8, 12, 14, 16, 23, 25, 24, 2, 1, 4, 7]","(7.0, 383.19585824938406)"
306,230,[  7.         383.19585825],[0.00000000e+00 1.25055521e-12],[  7.         383.19585825],[  7.         383.19585825],"[21, 22, 20, 13, 17, 11, 10, 15, 19, 18, 5, 3, 6, 9, 8, 12, 14, 16, 23, 25, 24, 2, 1, 4, 7]","(7.0, 383.19585824938406)"
307,220,[  7.         383.19585825],[0.00000000e+00 1.25055521e-12],[  7.         383.19585825],[  7.         383.19585825],"[21, 22, 20, 13, 17, 11, 10, 15, 19, 18, 5, 3, 6, 9, 8, 12, 14, 16, 23, 25, 24, 2, 1, 4, 7]","(7.0, 383.19585824938406)"
308,200,[  7.         383.19585825],[0.00000000e+00 1.25055521e-12],[  7.         383.19585825],[  7.         383.19585825],"[21, 22, 20, 13, 17, 11, 10, 15, 19, 18, 5, 3, 6, 9, 8, 12, 14, 16, 23, 25, 24, 2, 1, 4, 7]","(7.0, 383.19585824938406)"
309,208,[  7.         383.19585825],[0.00000000e+00 1.25055521e-12],[  7.         383.19585825],[  7.         383.19585825],"[21, 22, 20, 13, 17, 11, 10, 15, 19, 18, 5, 3, 6, 9, 8, 12, 14, 16, 23, 25, 24, 2, 1, 4, 7]","(7.0, 383.19585824938406)"
310,212,[  7.         383.19585825],[0.00000000e+00 1.25055521e-12],[  7.         383.19585825],[  7.         383.19585825],"[21, 22, 20, 13, 17, 11, 10, 15, 19, 18, 5, 3, 6, 9, 8, 12, 14, 16, 23, 25, 24, 2, 1, 4, 7]","(7.0, 383.19585824938406)"
311,218,[  7.         383.19585825],[0.00000000e+00 1.25055521e-12],[  7.         383.19585825],[  7.         383.19585825],"[21, 22, 20, 13, 17, 11, 10, 15, 19, 18, 5, 3, 6, 9, 8, 12, 14, 16, 23, 25, 24, 2, 1, 4, 7]","(7.0, 383.19585824938406)"
312,200,[  7.         383.19585825],[0.00000000e+00 1.25055521e-12],[  7.         383.19585825],[  7.         383.19585825],"[21, 22, 20, 13, 17, 11, 10, 15, 19, 18, 5, 3, 6, 9, 8, 12, 14, 16, 23, 25, 24, 2, 1, 4, 7]","(7.0, 383.19585824938406)"
313,216,[  7.         383.19585825],[0.00000000e+00 1.25055521e-12],[  7.         383.19585825],[  7.         383.19585825],"[21, 22, 20, 13, 17, 11, 10, 15, 19, 18, 5, 3, 6, 9, 8, 12, 14, 16, 23, 25, 24, 2, 1, 4, 7]","(7.0, 383.19585824938406)"
314,222,[  7.         383.19585825],[0.00000000e+00 1.25055521e-12],[  7.         383.19585825],[  7.         383.19585825],"[21, 22, 20, 13, 17, 11, 10, 15, 19, 18, 5, 3, 6, 9, 8, 12, 14, 16, 23, 25, 24, 2, 1, 4, 7]","(7.0, 383.19585824938406)"
315,218,[  7.         383.19585825],[0.00000000e+00 1.25055521e-12],[  7.         383.19585825],[  7.         383.19585825],"[21, 22, 20, 13, 17, 11, 10, 15, 19, 18, 5, 3, 6, 9, 8, 12, 14, 16, 23, 25, 24, 2, 1, 4, 7]","(7.0, 383.19585824938406)"
316,232,[  7.         383.19585825],[0.00000000e+00 1.25055521e-12],[  7.         383.19585825],[  7.         383.19585825],"[21, 22, 20, 13, 17, 11, 10, 15, 19, 18, 5, 3, 6, 9, 8, 12, 14, 16, 23, 25, 24, 2, 1, 4, 7]","(7.0, 383.19585824938406)"
317,224,[  7.         383.19585825],[0.00000000e+00 1.25055521e-12],[  7.         383.19585825],[  7.         383.19585825],"[21, 22, 20, 13, 17, 11, 10, 15, 19, 18, 5, 3, 6, 9, 8, 12, 14, 16, 23, 25, 24, 2, 1, 4, 7]","(7.0, 383.19585824938406)"
318,216,[  7.         383.19585825],[0.00000000e+00 1.25055521e-12],[  7.         383.19585825],[  7.         383.19585825],"[21, 22, 20, 13, 17, 11, 10, 15, 19, 18, 5, 3, 6, 9, 8, 12, 14, 16, 23, 25, 24, 2, 1, 4, 7]","(7.0, 383.19585824938406)"
319,224,[  7.         383.19585825],[0.00000000e+00 1.25055521e-12],[  7.         383.19585825],[  7.         383.19585825],"[21, 22, 20, 13, 17, 11, 10, 15, 19, 18, 5, 3, 6, 9, 8, 12, 14, 16, 23, 25, 24, 2, 1, 4, 7]","(7.0, 383.19585824938406)"
320,192,[  7.         383.19585825],[0.00000000e+00 1.25055521e-12],[  7.         383.19585825],[  7.         383.19585825],"[21, 22, 20, 13, 17, 11, 10, 15, 19, 18, 5, 3, 6, 9, 8, 12, 14, 16, 23, 25, 24, 2, 1, 4, 7]","(7.0, 383.19585824938406)"
